posi_id,identity_type,identity_value,first_seen
POSI-J-000001,issn_l,0099-5355,2026-08-11
POSI-J-000002,issn_l,0002-7863,2026-08-11
POSI-J-000003,issn_l,0021-8979,2026-08-11
POSI-J-000004,issn_l,0021-9606,2026-08-11
POSI-J-000005,issn_l,1022-6680,2026-08-11
POSI-J-000006,issn_l,0031-9007,2026-08-11
POSI-J-000007,issn_l,0044-8249,2026-08-11
POSI-J-000008,issn_l,0003-6951,2026-08-11
POSI-J-000009,issn_l,0003-2700,2026-08-11
POSI-J-000010,issn_l,0004-637X,2026-08-11
POSI-J-000011,issn_l,1660-9336,2026-08-11
POSI-J-000012,issn_l,2169-3536,2026-08-11
POSI-J-000013,issn_l,0040-4039,2026-08-11
POSI-J-000014,issn_l,0022-3263,2026-08-11
POSI-J-000015,issn_l,0556-2791,2026-08-11
POSI-J-000016,issn_l,0148-0227,2026-08-11
POSI-J-000017,issn_l,0035-8711,2026-08-11
POSI-J-000018,issn_l,0925-8388,2026-08-11
POSI-J-000019,issn_l,2076-3417,2026-08-11
POSI-J-000020,issn_l,0021-4922,2026-08-11
POSI-J-000021,issn_l,0048-9697,2026-08-11
POSI-J-000022,issn_l,2046-2069,2026-08-11
POSI-J-000023,issn_l,1433-7851,2026-08-11
POSI-J-000024,issn_l,1424-8220,2026-08-11
POSI-J-000025,issn_l,1359-7345,2026-08-11
POSI-J-000026,issn_l,0020-1669,2026-08-11
POSI-J-000027,issn_l,1385-8947,2026-08-11
POSI-J-000028,issn_l,0006-2960,2026-08-11
POSI-J-000029,issn_l,0013-936X,2026-08-11
POSI-J-000030,issn_l,1944-8244,2026-08-11
POSI-J-000031,issn_l,0169-4332,2026-08-11
POSI-J-000032,issn_l,0021-8995,2026-08-11
POSI-J-000033,issn_l,0021-9673,2026-08-11
POSI-J-000034,issn_l,0009-2614,2026-08-11
POSI-J-000035,issn_l,0370-2693,2026-08-11
POSI-J-000036,issn_l,1094-4087,2026-08-11
POSI-J-000037,issn_l,1996-1073,2026-08-11
POSI-J-000038,issn_l,0743-7463,2026-08-11
POSI-J-000039,issn_l,0360-3199,2026-08-11
POSI-J-000040,issn_l,1932-7447,2026-08-11
POSI-J-000041,issn_l,1463-9076,2026-08-11
POSI-J-000042,issn_l,1996-1944,2026-08-11
POSI-J-000043,issn_l,0034-6748,2026-08-11
POSI-J-000044,issn_l,0040-4020,2026-08-11
POSI-J-000045,issn_l,0272-8842,2026-08-11
POSI-J-000046,issn_l,2469-9950,2026-08-11
POSI-J-000047,issn_l,0013-4651,2026-08-11
POSI-J-000048,issn_l,0168-9002,2026-08-11
POSI-J-000049,issn_l,0004-6361,2026-08-11
POSI-J-000050,issn_l,0021-9584,2026-08-11
POSI-J-000051,issn_l,0013-5194,2026-08-11
POSI-J-000052,openalex,S4306508950,2026-08-11
POSI-J-000053,issn_l,0013-4686,2026-08-11
POSI-J-000054,issn_l,0375-9601,2026-08-11
POSI-J-000055,issn_l,0094-8276,2026-08-11
POSI-J-000056,issn_l,0042-207X,2026-08-11
POSI-J-000057,issn_l,0947-6539,2026-08-11
POSI-J-000058,issn_l,0024-9297,2026-08-11
POSI-J-000059,issn_l,0141-8130,2026-08-11
POSI-J-000060,issn_l,0002-9939,2026-08-11
POSI-J-000061,issn_l,1520-5207,2026-08-11
POSI-J-000062,issn_l,0149-1423,2026-08-11
POSI-J-000063,issn_l,0045-6535,2026-08-11
POSI-J-000064,issn_l,0021-9797,2026-08-11
POSI-J-000065,issn_l,0959-6526,2026-08-11
POSI-J-000066,issn_l,0304-8853,2026-08-11
POSI-J-000067,issn_l,0365-6233,2026-08-11
POSI-J-000068,issn_l,0950-0618,2026-08-11
POSI-J-000069,issn_l,0022-2461,2026-08-11
POSI-J-000070,issn_l,0556-2813,2026-08-11
POSI-J-000071,issn_l,1618-2642,2026-08-11
POSI-J-000072,issn_l,0040-6090,2026-08-11
POSI-J-000073,issn_l,1029-8479,2026-08-11
POSI-J-000074,issn_l,0003-2670,2026-08-11
POSI-J-000075,issn_l,0016-2361,2026-08-11
POSI-J-000076,issn_l,0888-5885,2026-08-11
POSI-J-000077,issn_l,0921-5093,2026-08-11
POSI-J-000078,issn_l,0146-9592,2026-08-11
POSI-J-000079,issn_l,1523-7052,2026-08-11
POSI-J-000080,issn_l,0935-9648,2026-08-11
POSI-J-000081,issn_l,0094-2405,2026-08-11
POSI-J-000082,issn_l,0022-328X,2026-08-11
POSI-J-000083,issn_l,0031-9015,2026-08-11
POSI-J-000084,issn_l,0038-1098,2026-08-11
POSI-J-000085,issn_l,0360-5442,2026-08-11
POSI-J-000086,issn_l,2470-0010,2026-08-11
POSI-J-000087,issn_l,1616-301X,2026-08-11
POSI-J-000088,issn_l,0304-3894,2026-08-11
POSI-J-000089,issn_l,2072-4292,2026-08-11
POSI-J-000090,issn_l,0003-2654,2026-08-11
POSI-J-000091,issn_l,0168-583X,2026-08-11
POSI-J-000092,issn_l,0167-577X,2026-08-11
POSI-J-000093,issn_l,1089-5639,2026-08-11
POSI-J-000094,issn_l,0027-0644,2026-08-11
POSI-J-000095,issn_l,0032-3861,2026-08-11
POSI-J-000096,issn_l,0022-0248,2026-08-11
POSI-J-000097,issn_l,2214-7853,2026-08-11
POSI-J-000098,issn_l,0378-7753,2026-08-11
POSI-J-000099,issn_l,0921-4526,2026-08-11
POSI-J-000100,issn_l,0953-8984,2026-08-11
POSI-J-000101,issn_l,0030-4018,2026-08-11
POSI-J-000102,issn_l,1477-9226,2026-08-11
POSI-J-000103,issn_l,2050-7488,2026-08-11
POSI-J-000104,issn_l,0039-6028,2026-08-11
POSI-J-000105,issn_l,0375-9474,2026-08-11
POSI-J-000106,issn_l,1063-5211,2026-08-11
POSI-J-000107,issn_l,0925-4005,2026-08-11
POSI-J-000108,issn_l,0009-2673,2026-08-11
POSI-J-000109,issn_l,0370-1972,2026-08-11
POSI-J-000110,issn_l,0099-2240,2026-08-11
POSI-J-000111,issn_l,0196-1497,2026-08-11
POSI-J-000112,issn_l,0002-7820,2026-08-11
POSI-J-000113,issn_l,0039-9140,2026-08-11
POSI-J-000114,issn_l,2470-1343,2026-08-11
POSI-J-000115,issn_l,0022-3727,2026-08-11
POSI-J-000116,issn_l,0031-8965,2026-08-11
POSI-J-000117,issn_l,0017-9310,2026-08-11
POSI-J-000118,issn_l,0003-3804,2026-08-11
POSI-J-000119,issn_l,0022-247X,2026-08-11
POSI-J-000120,issn_l,0960-8524,2026-08-11
POSI-J-000121,issn_l,1070-6631,2026-08-11
POSI-J-000122,issn_l,1877-0509,2026-08-11
POSI-J-000123,issn_l,0927-7757,2026-08-11
POSI-J-000124,issn_l,0031-8949,2026-08-11
POSI-J-000125,issn_l,0009-2509,2026-08-11
POSI-J-000126,issn_l,1613-6810,2026-08-11
POSI-J-000127,issn_l,0022-3115,2026-08-11
POSI-J-000128,issn_l,2040-3364,2026-08-11
POSI-J-000129,issn_l,0378-4371,2026-08-11
POSI-J-000130,issn_l,0009-286X,2026-08-11
POSI-J-000131,issn_l,1359-4311,2026-08-11
POSI-J-000132,issn_l,0018-9499,2026-08-11
POSI-J-000133,issn_l,0018-9383,2026-08-11
POSI-J-000134,issn_l,0004-6256,2026-08-11
POSI-J-000135,issn_l,0022-1120,2026-08-11
POSI-J-000136,issn_l,0002-9947,2026-08-11
POSI-J-000137,issn_l,1530-437X,2026-08-11
POSI-J-000138,issn_l,2073-4441,2026-08-11
POSI-J-000139,issn_l,2073-4360,2026-08-11
POSI-J-000140,issn_l,0257-8972,2026-08-11
POSI-J-000141,issn_l,0550-3213,2026-08-11
POSI-J-000142,issn_l,0043-1354,2026-08-11
POSI-J-000143,issn_l,0276-7333,2026-08-11
POSI-J-000144,issn_l,0022-3093,2026-08-11
POSI-J-000145,issn_l,1383-5866,2026-08-11
POSI-J-000146,issn_l,0044-3336,2026-08-11
POSI-J-000147,issn_l,0268-3768,2026-08-11
POSI-J-000148,issn_l,0003-2697,2026-08-11
POSI-J-000149,issn_l,0026-2714,2026-08-11
POSI-J-000150,issn_l,0957-4522,2026-08-11
POSI-J-000151,issn_l,2079-9292,2026-08-11
POSI-J-000152,issn_l,0008-6223,2026-08-11
POSI-J-000153,issn_l,0398-9836,2026-08-11
POSI-J-000154,issn_l,0301-4797,2026-08-11
POSI-J-000155,issn_l,0366-7022,2026-08-11
POSI-J-000156,issn_l,0273-1223,2026-08-11
POSI-J-000157,issn_l,0022-1694,2026-08-11
POSI-J-000158,issn_l,0022-460X,2026-08-11
POSI-J-000159,issn_l,2405-8963,2026-08-11
POSI-J-000160,issn_l,0018-9456,2026-08-11
POSI-J-000161,issn_l,1936-0851,2026-08-11
POSI-J-000162,issn_l,0269-7491,2026-08-11
POSI-J-000163,issn_l,0921-4534,2026-08-11
POSI-J-000164,issn_l,0001-1452,2026-08-11
POSI-J-000165,issn_l,1070-664X,2026-08-11
POSI-J-000166,issn_l,0167-7322,2026-08-11
POSI-J-000167,issn_l,0897-4756,2026-08-11
POSI-J-000168,issn_l,0306-2619,2026-08-11
POSI-J-000169,issn_l,2227-7390,2026-08-11
POSI-J-000170,issn_l,0960-1481,2026-08-11
POSI-J-000171,issn_l,0025-326X,2026-08-11
POSI-J-000172,issn_l,0162-1459,2026-08-11
POSI-J-000173,issn_l,0925-2312,2026-08-11
POSI-J-000174,issn_l,0273-1177,2026-08-11
POSI-J-000175,issn_l,0022-3549,2026-08-11
POSI-J-000176,issn_l,1530-6984,2026-08-11
POSI-J-000177,issn_l,0254-0584,2026-08-11
POSI-J-000178,issn_l,0196-2892,2026-08-11
POSI-J-000179,issn_l,0887-0624,2026-08-11
POSI-J-000180,issn_l,0018-9286,2026-08-11
POSI-J-000181,issn_l,0029-8018,2026-08-11
POSI-J-000182,issn_l,0376-7388,2026-08-11
POSI-J-000183,issn_l,1386-1425,2026-08-11
POSI-J-000184,issn_l,0033-3506,2026-08-11
POSI-J-000185,issn_l,0022-2488,2026-08-11
POSI-J-000186,issn_l,0018-9480,2026-08-11
POSI-J-000187,issn_l,0236-5731,2026-08-11
POSI-J-000188,issn_l,0016-7037,2026-08-11
POSI-J-000189,issn_l,1388-6150,2026-08-11
POSI-J-000190,issn_l,0303-402X,2026-08-11
POSI-J-000191,issn_l,0012-9658,2026-08-11
POSI-J-000192,issn_l,0025-6196,2026-08-11
POSI-J-000193,issn_l,0091-6765,2026-08-11
POSI-J-000194,issn_l,0003-0007,2026-08-11
POSI-J-000195,issn_l,1477-0520,2026-08-11
POSI-J-000196,issn_l,0885-8993,2026-08-11
POSI-J-000197,issn_l,0947-8396,2026-08-11
POSI-J-000198,issn_l,0018-926X,2026-08-11
POSI-J-000199,issn_l,0096-3003,2026-08-11
POSI-J-000200,issn_l,2050-7526,2026-08-11
POSI-J-000201,issn_l,0733-8724,2026-08-11
POSI-J-000202,issn_l,1051-8223,2026-08-11
POSI-J-000203,issn_l,0957-4484,2026-08-11
POSI-J-000204,issn_l,1434-6001,2026-08-11
POSI-J-000205,issn_l,0003-021X,2026-08-11
POSI-J-000206,issn_l,1434-6044,2026-08-11
POSI-J-000207,issn_l,2213-2929,2026-08-11
POSI-J-000208,issn_l,0021-9290,2026-08-11
POSI-J-000209,issn_l,0026-265X,2026-08-11
POSI-J-000210,issn_l,0022-4596,2026-08-11
POSI-J-000211,issn_l,0043-1648,2026-08-11
POSI-J-000212,issn_l,0022-0949,2026-08-11
POSI-J-000213,issn_l,1099-0690,2026-08-11
POSI-J-000214,issn_l,1041-1135,2026-08-11
POSI-J-000215,issn_l,0021-9517,2026-08-11
POSI-J-000216,issn_l,0018-8158,2026-08-11
POSI-J-000217,issn_l,0043-1397,2026-08-11
POSI-J-000218,issn_l,0032-5910,2026-08-11
POSI-J-000219,issn_l,0013-9351,2026-08-11
POSI-J-000220,issn_l,0039-7881,2026-08-11
POSI-J-000221,issn_l,0022-1201,2026-08-11
POSI-J-000222,issn_l,2365-6549,2026-08-11
POSI-J-000223,issn_l,0018-9545,2026-08-11
POSI-J-000224,issn_l,0141-0296,2026-08-11
POSI-J-000225,issn_l,2079-4991,2026-08-11
POSI-J-000226,issn_l,0142-9612,2026-08-11
POSI-J-000227,issn_l,0040-6031,2026-08-11
POSI-J-000228,issn_l,0196-8904,2026-08-11
POSI-J-000229,issn_l,0278-0046,2026-08-11
POSI-J-000230,issn_l,0030-4026,2026-08-11
POSI-J-000231,issn_l,0022-3697,2026-08-11
POSI-J-000232,issn_l,0295-5075,2026-08-11
POSI-J-000233,issn_l,1352-2310,2026-08-11
POSI-J-000234,issn_l,2352-152X,2026-08-11
POSI-J-000235,issn_l,0895-2477,2026-08-11
POSI-J-000236,issn_l,0008-6215,2026-08-11
POSI-J-000237,issn_l,0044-2267,2026-08-11
POSI-J-000238,issn_l,0263-2241,2026-08-11
POSI-J-000239,issn_l,1380-7501,2026-08-11
POSI-J-000240,issn_l,0012-821X,2026-08-11
POSI-J-000241,issn_l,1359-6454,2026-08-11
POSI-J-000242,issn_l,0379-6779,2026-08-11
POSI-J-000243,issn_l,1024-123X,2026-08-11
POSI-J-000244,issn_l,0021-9991,2026-08-11
POSI-J-000245,issn_l,0032-5481,2026-08-11
POSI-J-000246,issn_l,2470-0045,2026-08-11
POSI-J-000247,issn_l,0022-2313,2026-08-11
POSI-J-000248,issn_l,2227-9717,2026-08-11
POSI-J-000249,issn_l,1744-683X,2026-08-11
POSI-J-000250,issn_l,2198-3844,2026-08-11
POSI-J-000251,issn_l,2045-2322,2026-08-11
POSI-J-000252,issn_l,0021-9258,2026-08-11
POSI-J-000253,issn_l,0027-8424,2026-08-11
POSI-J-000254,issn_l,1422-0067,2026-08-11
POSI-J-000255,issn_l,0006-291X,2026-08-11
POSI-J-000256,issn_l,2041-1723,2026-08-11
POSI-J-000257,issn_l,0077-8923,2026-08-11
POSI-J-000258,issn_l,0006-8993,2026-08-11
POSI-J-000259,issn_l,0014-5793,2026-08-11
POSI-J-000260,issn_l,1664-3224,2026-08-11
POSI-J-000261,issn_l,0305-1048,2026-08-11
POSI-J-000262,issn_l,0021-9193,2026-08-11
POSI-J-000263,issn_l,1664-1078,2026-08-11
POSI-J-000264,issn_l,0022-538X,2026-08-11
POSI-J-000265,issn_l,0022-3751,2026-08-11
POSI-J-000266,issn_l,0014-2999,2026-08-11
POSI-J-000267,issn_l,0022-0302,2026-08-11
POSI-J-000268,issn_l,0270-6474,2026-08-11
POSI-J-000269,issn_l,0959-8049,2026-08-11
POSI-J-000270,issn_l,1664-302X,2026-08-11
POSI-J-000271,issn_l,0022-2623,2026-08-11
POSI-J-000272,issn_l,0304-3940,2026-08-11
POSI-J-000273,issn_l,0022-1899,2026-08-11
POSI-J-000274,issn_l,0024-3205,2026-08-11
POSI-J-000275,issn_l,0264-6021,2026-08-11
POSI-J-000276,issn_l,0021-9738,2026-08-11
POSI-J-000277,issn_l,0032-0889,2026-08-11
POSI-J-000278,issn_l,0022-2836,2026-08-11
POSI-J-000279,issn_l,0022-0493,2026-08-11
POSI-J-000280,issn_l,0031-9422,2026-08-11
POSI-J-000281,issn_l,1420-682X,2026-08-11
POSI-J-000282,issn_l,1664-462X,2026-08-11
POSI-J-000283,issn_l,0032-5791,2026-08-11
POSI-J-000284,issn_l,0003-9861,2026-08-11
POSI-J-000285,issn_l,0161-7567,2026-08-11
POSI-J-000286,issn_l,0019-9567,2026-08-11
POSI-J-000287,issn_l,0378-1097,2026-08-11
POSI-J-000288,issn_l,0066-4804,2026-08-11
POSI-J-000289,issn_l,0006-2952,2026-08-11
POSI-J-000290,issn_l,0095-1137,2026-08-11
POSI-J-000291,issn_l,0020-7136,2026-08-11
POSI-J-000292,issn_l,0022-3042,2026-08-11
POSI-J-000293,issn_l,0960-894X,2026-08-11
POSI-J-000294,issn_l,2050-084X,2026-08-11
POSI-J-000295,issn_l,0270-7306,2026-08-11
POSI-J-000296,issn_l,0006-3223,2026-08-11
POSI-J-000297,issn_l,0018-5345,2026-08-11
POSI-J-000298,issn_l,1663-9812,2026-08-11
POSI-J-000299,issn_l,2328-8957,2026-08-11
POSI-J-000300,issn_l,0300-5127,2026-08-11
POSI-J-000301,issn_l,0009-9147,2026-08-11
POSI-J-000302,issn_l,0009-8981,2026-08-11
POSI-J-000303,issn_l,0042-6822,2026-08-11
POSI-J-000304,issn_l,0022-3050,2026-08-11
POSI-J-000305,issn_l,0306-4522,2026-08-11
POSI-J-000306,issn_l,0009-2363,2026-08-11
POSI-J-000307,issn_l,0031-5125,2026-08-11
POSI-J-000308,issn_l,0021-9525,2026-08-11
POSI-J-000309,issn_l,0002-9122,2026-08-11
POSI-J-000310,issn_l,1053-8119,2026-08-11
POSI-J-000311,issn_l,0378-1119,2026-08-11
POSI-J-000312,issn_l,0022-1147,2026-08-11
POSI-J-000313,issn_l,0378-5173,2026-08-11
POSI-J-000314,issn_l,1110-7243,2026-08-11
POSI-J-000315,issn_l,1949-2553,2026-08-11
POSI-J-000316,issn_l,0044-8486,2026-08-11
POSI-J-000317,issn_l,0191-2917,2026-08-11
POSI-J-000318,issn_l,0144-8617,2026-08-11
POSI-J-000319,issn_l,0092-8674,2026-08-11
POSI-J-000320,issn_l,0373-0174,2026-08-11
POSI-J-000321,issn_l,0007-1188,2026-08-11
POSI-J-000322,issn_l,2304-8158,2026-08-11
POSI-J-000323,issn_l,2046-1402,2026-08-11
POSI-J-000324,issn_l,0018-019X,2026-08-11
POSI-J-000325,issn_l,0022-1007,2026-08-11
POSI-J-000326,issn_l,0960-9822,2026-08-11
POSI-J-000327,issn_l,0021-9967,2026-08-11
POSI-J-000328,issn_l,0002-1962,2026-08-11
POSI-J-000329,issn_l,1388-2457,2026-08-11
POSI-J-000330,issn_l,0022-5142,2026-08-11
POSI-J-000331,issn_l,0028-1298,2026-08-11
POSI-J-000332,issn_l,0031-6768,2026-08-11
POSI-J-000333,issn_l,2076-2615,2026-08-11
POSI-J-000334,issn_l,0003-0147,2026-08-11
POSI-J-000335,issn_l,0011-183X,2026-08-11
POSI-J-000336,issn_l,0021-9533,2026-08-11
POSI-J-000337,issn_l,1068-9265,2026-08-11
POSI-J-000338,issn_l,0028-646X,2026-08-11
POSI-J-000339,issn_l,0036-6803,2026-08-11
POSI-J-000340,issn_l,0012-1606,2026-08-11
POSI-J-000341,issn_l,0022-3077,2026-08-11
POSI-J-000342,issn_l,2223-7747,2026-08-11
POSI-J-000343,issn_l,1525-0016,2026-08-11
POSI-J-000344,issn_l,0305-7453,2026-08-11
POSI-J-000345,issn_l,0378-8741,2026-08-11
POSI-J-000346,issn_l,0016-6731,2026-08-11
POSI-J-000347,issn_l,0261-4189,2026-08-11
POSI-J-000348,issn_l,0175-7598,2026-08-11
POSI-J-000349,issn_l,0014-3820,2026-08-11
POSI-J-000350,issn_l,2167-8359,2026-08-11
POSI-J-000351,issn_l,0361-5995,2026-08-11
POSI-J-000352,issn_l,2073-4409,2026-08-11
POSI-J-000353,issn_l,0032-079X,2026-08-11
POSI-J-000354,issn_l,0753-3322,2026-08-11
POSI-J-000355,issn_l,0014-2980,2026-08-11
POSI-J-000356,issn_l,0950-1991,2026-08-11
POSI-J-000357,issn_l,0021-924X,2026-08-11
POSI-J-000358,issn_l,0027-5514,2026-08-11
POSI-J-000359,issn_l,0956-5663,2026-08-11
POSI-J-000360,issn_l,0041-0101,2026-08-11
POSI-J-000361,issn_l,0080-4649,2026-08-11
POSI-J-000362,issn_l,0005-2736,2026-08-11
POSI-J-000363,issn_l,0023-6438,2026-08-11
POSI-J-000364,issn_l,2073-4395,2026-08-11
POSI-J-000365,issn_l,1079-5642,2026-08-11
POSI-J-000366,issn_l,0021-9541,2026-08-11
POSI-J-000367,issn_l,0302-766X,2026-08-11
POSI-J-000368,issn_l,0006-3592,2026-08-11
POSI-J-000369,issn_l,0022-0957,2026-08-11
POSI-J-000370,issn_l,1367-4803,2026-08-11
POSI-J-000371,issn_l,1662-453X,2026-08-11
POSI-J-000372,issn_l,1471-2164,2026-08-11
POSI-J-000373,issn_l,0006-8950,2026-08-11
POSI-J-000374,issn_l,1873-9946,2026-08-11
POSI-J-000375,issn_l,0963-9969,2026-08-11
POSI-J-000376,issn_l,0304-3835,2026-08-11
POSI-J-000377,issn_l,0009-9236,2026-08-11
POSI-J-000378,issn_l,0031-9317,2026-08-11
POSI-J-000379,issn_l,0041-008X,2026-08-11
POSI-J-000380,issn_l,0022-3573,2026-08-11
POSI-J-000381,issn_l,2076-2607,2026-08-11
POSI-J-000382,issn_l,0033-3158,2026-08-11
POSI-J-000383,issn_l,0168-3659,2026-08-11
POSI-J-000384,issn_l,0022-5193,2026-08-11
POSI-J-000385,issn_l,0029-8948,2026-08-11
POSI-J-000386,issn_l,0022-1317,2026-08-11
POSI-J-000387,issn_l,0734-9750,2026-08-11
POSI-J-000388,issn_l,2227-9059,2026-08-11
POSI-J-000389,issn_l,0168-0102,2026-08-11
POSI-J-000390,issn_l,0003-3472,2026-08-11
POSI-J-000391,issn_l,0031-949X,2026-08-11
POSI-J-000392,issn_l,1664-8021,2026-08-11
POSI-J-000393,issn_l,0026-3672,2026-08-11
POSI-J-000394,issn_l,0032-0935,2026-08-11
POSI-J-000395,issn_l,0091-3057,2026-08-11
POSI-J-000396,issn_l,2211-1247,2026-08-11
POSI-J-000397,issn_l,0304-4165,2026-08-11
POSI-J-000398,issn_l,0166-4328,2026-08-11
POSI-J-000399,issn_l,0006-3568,2026-08-11
POSI-J-000400,issn_l,0304-4238,2026-08-11
POSI-J-000401,issn_l,0014-4819,2026-08-11
POSI-J-000402,issn_l,0014-4886,2026-08-11
POSI-J-000403,issn_l,2589-0042,2026-08-11
POSI-J-000404,issn_l,1567-5769,2026-08-11
POSI-J-000405,issn_l,0730-2312,2026-08-11
POSI-J-000406,issn_l,0198-8859,2026-08-11
POSI-J-000407,issn_l,0953-816X,2026-08-11
POSI-J-000408,issn_l,0042-6989,2026-08-11
POSI-J-000409,issn_l,0305-7364,2026-08-11
POSI-J-000410,issn_l,0269-9370,2026-08-11
POSI-J-000411,issn_l,0306-5251,2026-08-11
POSI-J-000412,issn_l,2045-7758,2026-08-11
POSI-J-000413,issn_l,0168-1656,2026-08-11
POSI-J-000414,issn_l,1792-1074,2026-08-11
POSI-J-000415,issn_l,0032-0781,2026-08-11
POSI-J-000416,issn_l,0950-382X,2026-08-11
POSI-J-000417,issn_l,0018-9294,2026-08-11
POSI-J-000418,issn_l,0363-6119,2026-08-11
POSI-J-000419,issn_l,1466-5026,2026-08-11
POSI-J-000420,issn_l,1759-9660,2026-08-11
POSI-J-000421,issn_l,0003-9012,2026-08-11
POSI-J-000422,issn_l,0028-3908,2026-08-11
POSI-J-000423,issn_l,0253-2964,2026-08-11
POSI-J-000424,issn_l,2073-4425,2026-08-11
POSI-J-000425,issn_l,0026-895X,2026-08-11
POSI-J-000426,issn_l,0301-4851,2026-08-11
POSI-J-000427,issn_l,1999-4923,2026-08-11
POSI-J-000428,issn_l,0022-1503,2026-08-11
POSI-J-000429,issn_l,0916-8451,2026-08-11
POSI-J-000430,issn_l,0969-806X,2026-08-11
POSI-J-000431,issn_l,0040-0262,2026-08-11
POSI-J-000432,issn_l,0007-134X,2026-08-11
POSI-J-000433,issn_l,0005-2728,2026-08-11
POSI-J-000434,issn_l,0268-005X,2026-08-11
POSI-J-000435,issn_l,0896-6273,2026-08-11
POSI-J-000436,issn_l,0040-5752,2026-08-11
POSI-J-000437,issn_l,0269-2813,2026-08-11
POSI-J-000438,issn_l,0014-4835,2026-08-11
POSI-J-000439,issn_l,0964-6906,2026-08-11
POSI-J-000440,issn_l,0143-3334,2026-08-11
POSI-J-000441,issn_l,1791-2997,2026-08-11
POSI-J-000442,issn_l,0013-8746,2026-08-11
POSI-J-000443,issn_l,2077-0472,2026-08-11
POSI-J-000444,issn_l,1662-5161,2026-08-11
POSI-J-000445,issn_l,0016-6480,2026-08-11
POSI-J-000446,issn_l,0029-6643,2026-08-11
POSI-J-000447,issn_l,0960-7412,2026-08-11
POSI-J-000448,issn_l,0379-0738,2026-08-11
POSI-J-000449,issn_l,2296-634X,2026-08-11
POSI-J-000450,issn_l,1350-0872,2026-08-11
POSI-J-000451,issn_l,1021-335X,2026-08-11
POSI-J-000452,issn_l,0959-4965,2026-08-11
POSI-J-000453,issn_l,0956-7135,2026-08-11
POSI-J-000454,issn_l,1935-2727,2026-08-11
POSI-J-000455,issn_l,2218-273X,2026-08-11
POSI-J-000456,issn_l,1078-0998,2026-08-11
POSI-J-000457,issn_l,1792-0981,2026-08-11
POSI-J-000458,issn_l,0002-9092,2026-08-11
POSI-J-000459,issn_l,2297-1769,2026-08-11
POSI-J-000460,issn_l,0363-6143,2026-08-11
POSI-J-000461,issn_l,1471-2105,2026-08-11
POSI-J-000462,issn_l,1552-4825,2026-08-11
POSI-J-000463,issn_l,0038-0717,2026-08-11
POSI-J-000464,issn_l,0022-1198,2026-08-11
POSI-J-000465,issn_l,1522-1466,2026-08-11
POSI-J-000466,issn_l,0300-8177,2026-08-11
POSI-J-000467,issn_l,2352-3409,2026-08-11
POSI-J-000468,issn_l,0018-7348,2026-08-11
POSI-J-000469,issn_l,0362-028X,2026-08-11
POSI-J-000470,issn_l,1553-734X,2026-08-11
POSI-J-000471,issn_l,0360-4012,2026-08-11
POSI-J-000472,issn_l,0037-9042,2026-08-11
POSI-J-000473,issn_l,0962-1083,2026-08-11
POSI-J-000474,issn_l,1553-7366,2026-08-11
POSI-J-000475,issn_l,0044-3433,2026-08-11
POSI-J-000476,issn_l,1535-7163,2026-08-11
POSI-J-000477,issn_l,0303-7207,2026-08-11
POSI-J-000478,issn_l,1684-5315,2026-08-11
POSI-J-000479,issn_l,0006-3525,2026-08-11
POSI-J-000480,issn_l,1050-4648,2026-08-11
POSI-J-000481,issn_l,0168-1605,2026-08-11
POSI-J-000482,issn_l,0008-8749,2026-08-11
POSI-J-000483,issn_l,0300-483X,2026-08-11
POSI-J-000484,issn_l,1040-4651,2026-08-11
POSI-J-000485,issn_l,0008-4166,2026-08-11
POSI-J-000486,issn_l,0167-6806,2026-08-11
POSI-J-000487,issn_l,0378-1135,2026-08-11
POSI-J-000488,issn_l,2041-4889,2026-08-11
POSI-J-000489,issn_l,1043-6618,2026-08-11
POSI-J-000490,issn_l,0196-9781,2026-08-11
POSI-J-000491,issn_l,0950-5423,2026-08-11
POSI-J-000492,issn_l,2235-2988,2026-08-11
POSI-J-000493,issn_l,0361-9230,2026-08-11
POSI-J-000494,issn_l,0260-8774,2026-08-11
POSI-J-000495,issn_l,0028-3932,2026-08-11
POSI-J-000496,issn_l,0016-7061,2026-08-11
POSI-J-000497,issn_l,0924-8579,2026-08-11
POSI-J-000498,issn_l,1043-4666,2026-08-11
POSI-J-000499,issn_l,1061-4036,2026-08-11
POSI-J-000500,issn_l,0014-2336,2026-08-11
POSI-J-000501,issn_l,0036-8075,2026-08-11
POSI-J-000502,issn_l,0002-9955,2026-08-11
POSI-J-000503,issn_l,0028-4793,2026-08-11
POSI-J-000504,issn_l,2071-1050,2026-08-11
POSI-J-000505,issn_l,1660-4601,2026-08-11
POSI-J-000506,issn_l,0003-4819,2026-08-11
POSI-J-000507,issn_l,0016-0032,2026-08-11
POSI-J-000508,issn_l,0002-953X,2026-08-11
POSI-J-000509,issn_l,0944-1344,2026-08-11
POSI-J-000510,issn_l,0022-3018,2026-08-11
POSI-J-000511,issn_l,0361-1981,2026-08-11
POSI-J-000512,issn_l,0020-5850,2026-08-11
POSI-J-000513,issn_l,0003-0554,2026-08-11
POSI-J-000514,issn_l,0007-1250,2026-08-11
POSI-J-000515,issn_l,0264-410X,2026-08-11
POSI-J-000516,issn_l,0002-7162,2026-08-11
POSI-J-000517,issn_l,0027-8874,2026-08-11
POSI-J-000518,issn_l,0957-4174,2026-08-11
POSI-J-000519,issn_l,0033-2941,2026-08-11
POSI-J-000520,issn_l,2296-2565,2026-08-11
POSI-J-000521,issn_l,0002-9602,2026-08-11
POSI-J-000522,issn_l,0022-1597,2026-08-11
POSI-J-000523,issn_l,0377-2217,2026-08-11
POSI-J-000524,issn_l,0026-7902,2026-08-11
POSI-J-000525,issn_l,0016-7398,2026-08-11
POSI-J-000526,issn_l,0277-9536,2026-08-11
POSI-J-000527,issn_l,0037-7732,2026-08-11
POSI-J-000528,issn_l,0002-9262,2026-08-11
POSI-J-000529,issn_l,0020-0255,2026-08-11
POSI-J-000530,issn_l,0003-066X,2026-08-11
POSI-J-000531,issn_l,0031-9384,2026-08-11
POSI-J-000532,issn_l,0013-0133,2026-08-11
POSI-J-000533,issn_l,0022-1546,2026-08-11
POSI-J-000534,issn_l,0160-5682,2026-08-11
POSI-J-000535,issn_l,0018-9162,2026-08-11
POSI-J-000536,issn_l,0022-3514,2026-08-11
POSI-J-000537,issn_l,0009-3920,2026-08-11
POSI-J-000538,issn_l,0191-8869,2026-08-11
POSI-J-000539,issn_l,0140-525X,2026-08-11
POSI-J-000540,issn_l,2227-9032,2026-08-11
POSI-J-000541,issn_l,0026-4423,2026-08-11
POSI-J-000542,issn_l,2574-3805,2026-08-11
POSI-J-000543,issn_l,1389-9457,2026-08-11
POSI-J-000544,issn_l,0022-1082,2026-08-11
POSI-J-000545,issn_l,0022-3808,2026-08-11
POSI-J-000546,issn_l,0030-8269,2026-08-11
POSI-J-000547,issn_l,0165-1765,2026-08-11
POSI-J-000548,issn_l,0097-8507,2026-08-11
POSI-J-000549,issn_l,0040-0475,2026-08-11
POSI-J-000550,issn_l,0022-2429,2026-08-11
POSI-J-000551,issn_l,0046-8177,2026-08-11
POSI-J-000552,issn_l,0019-7939,2026-08-11
POSI-J-000553,issn_l,0025-1909,2026-08-11
POSI-J-000554,issn_l,0300-5771,2026-08-11
POSI-J-000555,issn_l,0022-0507,2026-08-11
POSI-J-000556,issn_l,0003-6846,2026-08-11
POSI-J-000557,issn_l,0021-9010,2026-08-11
POSI-J-000558,issn_l,0003-1224,2026-08-11
POSI-J-000559,issn_l,0148-2963,2026-08-11
POSI-J-000560,issn_l,1064-1246,2026-08-11
POSI-J-000561,issn_l,0022-362X,2026-08-11
POSI-J-000562,issn_l,0022-0663,2026-08-11
POSI-J-000563,issn_l,0036-8326,2026-08-11
POSI-J-000564,issn_l,0022-3816,2026-08-11
POSI-J-000565,issn_l,0021-9762,2026-08-11
POSI-J-000566,issn_l,0012-1649,2026-08-11
POSI-J-000567,issn_l,0022-006X,2026-08-11
POSI-J-000568,issn_l,0001-4826,2026-08-11
POSI-J-000569,issn_l,0141-7681,2026-08-11
POSI-J-000570,issn_l,0003-6870,2026-08-11
POSI-J-000571,issn_l,0033-2909,2026-08-11
POSI-J-000572,issn_l,0165-0114,2026-08-11
POSI-J-000573,issn_l,1046-1310,2026-08-11
POSI-J-000574,issn_l,1432-7643,2026-08-11
POSI-J-000575,issn_l,0039-7857,2026-08-11
POSI-J-000576,issn_l,0038-4038,2026-08-11
POSI-J-000577,issn_l,0001-9909,2026-08-11
POSI-J-000578,issn_l,0042-0980,2026-08-11
POSI-J-000579,issn_l,0013-5984,2026-08-11
POSI-J-000580,issn_l,0013-063X,2026-08-11
POSI-J-000581,issn_l,0167-4544,2026-08-11
POSI-J-000582,issn_l,0004-4687,2026-08-11
POSI-J-000583,issn_l,0025-7125,2026-08-11
POSI-J-000584,issn_l,0031-8108,2026-08-11
POSI-J-000585,issn_l,0002-9432,2026-08-11
POSI-J-000586,issn_l,0022-1341,2026-08-11
POSI-J-000587,issn_l,0009-3157,2026-08-11
POSI-J-000588,issn_l,2158-2440,2026-08-11
POSI-J-000589,issn_l,0040-1625,2026-08-11
POSI-J-000590,issn_l,0378-4754,2026-08-11
POSI-J-000591,issn_l,0002-8282,2026-08-11
POSI-J-000592,issn_l,0895-4356,2026-08-11
POSI-J-000593,issn_l,0943-1853,2026-08-11
POSI-J-000594,issn_l,1350-4851,2026-08-11
POSI-J-000595,issn_l,0305-750X,2026-08-11
POSI-J-000596,issn_l,0254-5330,2026-08-11
POSI-J-000597,issn_l,0025-7079,2026-08-11
POSI-J-000598,issn_l,0024-2519,2026-08-11
POSI-J-000599,issn_l,1544-6123,2026-08-11
POSI-J-000600,issn_l,0190-7409,2026-08-11
POSI-J-000601,issn_l,0306-0012,2026-08-11
POSI-J-000602,issn_l,0925-5273,2026-08-11
POSI-J-000603,issn_l,0197-9183,2026-08-11
POSI-J-000604,issn_l,1387-585X,2026-08-11
POSI-J-000605,issn_l,0747-5632,2026-08-11
POSI-J-000606,issn_l,0021-4027,2026-08-11
POSI-J-000607,issn_l,0013-0095,2026-08-11
POSI-J-000608,issn_l,0037-8046,2026-08-11
POSI-J-000609,issn_l,0014-0139,2026-08-11
POSI-J-000610,issn_l,0140-9883,2026-08-11
POSI-J-000611,issn_l,2227-7102,2026-08-11
POSI-J-000612,issn_l,0921-8009,2026-08-11
POSI-J-000613,issn_l,0013-1644,2026-08-11
POSI-J-000614,issn_l,0033-3352,2026-08-11
POSI-J-000615,issn_l,1537-5927,2026-08-11
POSI-J-000616,issn_l,0011-3204,2026-08-11
POSI-J-000617,issn_l,0005-7967,2026-08-11
POSI-J-000618,issn_l,2352-1457,2026-08-11
POSI-J-000619,issn_l,0002-9564,2026-08-11
POSI-J-000620,issn_l,0145-2134,2026-08-11
POSI-J-000621,issn_l,0149-2918,2026-08-11
POSI-J-000622,issn_l,2055-1045,2026-08-11
POSI-J-000623,issn_l,1226-3303,2026-08-11
POSI-J-000624,issn_l,0030-364X,2026-08-11
POSI-J-000625,issn_l,0138-9130,2026-08-11
POSI-J-000626,issn_l,0031-8205,2026-08-11
POSI-J-000627,issn_l,0038-2876,2026-08-11
POSI-J-000628,issn_l,2296-665X,2026-08-11
POSI-J-000629,issn_l,1018-5941,2026-08-11
POSI-J-000630,issn_l,0010-4620,2026-08-11
POSI-J-000631,issn_l,0013-0427,2026-08-11
POSI-J-000632,issn_l,0045-3102,2026-08-11
POSI-J-000633,issn_l,0022-4545,2026-08-11
POSI-J-000634,issn_l,0001-9240,2026-08-11
POSI-J-000635,issn_l,0264-2751,2026-08-11
POSI-J-000636,issn_l,0021-9630,2026-08-11
POSI-J-000637,issn_l,0167-2681,2026-08-11
POSI-J-000638,issn_l,2504-284X,2026-08-11
POSI-J-000639,issn_l,0010-0870,2026-08-11
POSI-J-000640,issn_l,0022-0167,2026-08-11
POSI-J-000641,issn_l,0038-0385,2026-08-11
POSI-J-000642,issn_l,0024-6301,2026-08-11
POSI-J-000643,issn_l,0010-4086,2026-08-11
POSI-J-000644,issn_l,0034-6535,2026-08-11
POSI-J-000645,issn_l,0949-2658,2026-08-11
POSI-J-000646,issn_l,0033-362X,2026-08-11
POSI-J-000647,issn_l,0022-2437,2026-08-11
POSI-J-000648,issn_l,0886-2605,2026-08-11
POSI-J-000649,issn_l,0308-518X,2026-08-11
POSI-J-000650,issn_l,0378-4266,2026-08-11
POSI-J-000651,issn_l,1092-4388,2026-08-11
POSI-J-000652,issn_l,0885-8985,2026-08-11
POSI-J-000653,issn_l,0033-295X,2026-08-11
POSI-J-000654,issn_l,0047-2875,2026-08-11
POSI-J-000655,issn_l,0036-9330,2026-08-11
POSI-J-000656,issn_l,0012-9682,2026-08-11
POSI-J-000657,issn_l,0032-258X,2026-08-11
POSI-J-000658,issn_l,2164-5515,2026-08-11
POSI-J-000659,issn_l,0360-1315,2026-08-11
POSI-J-000660,issn_l,0007-1315,2026-08-11
POSI-J-000661,issn_l,0026-1394,2026-08-11
POSI-J-000662,issn_l,0038-0261,2026-08-11
POSI-J-000663,issn_l,0022-2445,2026-08-11
POSI-J-000664,issn_l,0033-3085,2026-08-11
POSI-J-000665,issn_l,1047-2797,2026-08-11
POSI-J-000666,issn_l,0747-4938,2026-08-11
POSI-J-000667,issn_l,0001-4273,2026-08-11
POSI-J-000668,issn_l,0037-7791,2026-08-11
POSI-J-000669,issn_l,0264-9993,2026-08-11
POSI-J-000670,issn_l,2076-328X,2026-08-11
POSI-J-000671,issn_l,0378-2166,2026-08-11
POSI-J-000672,issn_l,0272-4332,2026-08-11
POSI-J-000673,issn_l,0031-8116,2026-08-11
POSI-J-000674,issn_l,0033-5533,2026-08-11
POSI-J-000675,issn_l,0962-9343,2026-08-11
POSI-J-000676,issn_l,0301-4207,2026-08-11
POSI-J-000677,issn_l,0010-0277,2026-08-11
POSI-J-000678,issn_l,0276-3478,2026-08-11
POSI-J-000679,issn_l,0033-5630,2026-08-11
POSI-J-000680,issn_l,0160-7383,2026-08-11
POSI-J-000681,issn_l,0168-8510,2026-08-11
POSI-J-000682,issn_l,0301-2859,2026-08-11
POSI-J-000683,issn_l,0303-8300,2026-08-11
POSI-J-000684,issn_l,0007-1420,2026-08-11
POSI-J-000685,issn_l,0261-5177,2026-08-11
POSI-J-000686,issn_l,0304-4076,2026-08-11
POSI-J-000687,issn_l,0022-3980,2026-08-11
POSI-J-000688,issn_l,0031-8094,2026-08-11
POSI-J-000689,issn_l,0004-0002,2026-08-11
POSI-J-000690,issn_l,0346-251X,2026-08-11
POSI-J-000691,issn_l,0368-492X,2026-08-11
POSI-J-000692,issn_l,0278-6133,2026-08-11
POSI-J-000693,issn_l,0022-0965,2026-08-11
POSI-J-000694,issn_l,0022-0531,2026-08-11
POSI-J-000695,issn_l,2582-8185,2026-08-11
POSI-J-000696,issn_l,0013-189X,2026-08-11
POSI-J-000697,issn_l,0037-5497,2026-08-11
POSI-J-000698,issn_l,0951-0893,2026-08-11
POSI-J-000699,issn_l,0014-2921,2026-08-11
POSI-J-000700,issn_l,0141-9870,2026-08-11
POSI-J-000701,issn_l,0002-7642,2026-08-11
POSI-J-000702,issn_l,0016-7185,2026-08-11
POSI-J-000703,issn_l,0007-6813,2026-08-11
POSI-J-000704,issn_l,0018-9391,2026-08-11
POSI-J-000705,issn_l,0388-1350,2026-08-11
POSI-J-000706,issn_l,2220-9964,2026-08-11
POSI-J-000707,issn_l,2212-4209,2026-08-11
POSI-J-000708,issn_l,0007-1005,2026-08-11
POSI-J-000709,issn_l,0370-1573,2026-08-11
POSI-J-000710,issn_l,0929-6646,2026-08-11
POSI-J-000711,issn_l,0033-0124,2026-08-11
POSI-J-000712,issn_l,0024-3841,2026-08-11
POSI-J-000713,issn_l,0360-0025,2026-08-11
POSI-J-000714,issn_l,0028-2804,2026-08-11
POSI-J-000715,issn_l,0007-0955,2026-08-11
POSI-J-000716,issn_l,1059-0560,2026-08-11
POSI-J-000717,issn_l,0021-3624,2026-08-11
POSI-J-000718,issn_l,0026-9662,2026-08-11
POSI-J-000719,issn_l,0034-6543,2026-08-11
POSI-J-000720,issn_l,0006-2979,2026-08-11
POSI-J-000721,issn_l,0146-1672,2026-08-11
POSI-J-000722,issn_l,0041-0020,2026-08-11
POSI-J-000723,issn_l,0034-3404,2026-08-11
POSI-J-000724,issn_l,0022-4871,2026-08-11
POSI-J-000725,issn_l,0047-2484,2026-08-11
POSI-J-000726,issn_l,0735-7028,2026-08-11
POSI-J-000727,issn_l,0933-7954,2026-08-11
POSI-J-000728,issn_l,0021-9029,2026-08-11
POSI-J-000729,issn_l,0275-2565,2026-08-11
POSI-J-000730,issn_l,0009-1383,2026-08-11
POSI-J-000731,issn_l,0018-506X,2026-08-11
POSI-J-000732,issn_l,0033-3298,2026-08-11
POSI-J-000733,issn_l,0161-956X,2026-08-11
POSI-J-000734,issn_l,0363-7425,2026-08-11
POSI-J-000735,issn_l,0048-5829,2026-08-11
POSI-J-000736,issn_l,0742-051X,2026-08-11
POSI-J-000737,issn_l,0364-0213,2026-08-11
POSI-J-000738,issn_l,0014-4029,2026-08-11
POSI-J-000739,issn_l,0020-739X,2026-08-11
POSI-J-000740,issn_l,0002-919X,2026-08-11
POSI-J-000741,issn_l,0965-8564,2026-08-11
POSI-J-000742,issn_l,0163-6383,2026-08-11
POSI-J-000743,issn_l,0022-5002,2026-08-11
POSI-J-000744,issn_l,0276-8739,2026-08-11
POSI-J-000745,issn_l,0015-198X,2026-08-11
POSI-J-000746,issn_l,1554-351X,2026-08-11
POSI-J-000747,issn_l,0022-2194,2026-08-11
POSI-J-000748,issn_l,0733-9364,2026-08-11
POSI-J-000749,issn_l,0748-8017,2026-08-11
POSI-J-000750,issn_l,0007-6791,2026-08-11
POSI-J-000751,issn_l,0028-0836,2026-08-11
POSI-J-000752,issn_l,1932-6203,2026-08-11
POSI-J-000753,issn_l,0006-4971,2026-08-11
POSI-J-000754,issn_l,0732-183X,2026-08-11
POSI-J-000755,issn_l,0025-729X,2026-08-11
POSI-J-000756,issn_l,0892-6638,2026-08-11
POSI-J-000757,issn_l,0735-1097,2026-08-11
POSI-J-000758,issn_l,0009-7322,2026-08-11
POSI-J-000759,issn_l,2168-8184,2026-08-11
POSI-J-000760,issn_l,0146-0404,2026-08-11
POSI-J-000761,issn_l,0028-3878,2026-08-11
POSI-J-000762,issn_l,0002-9378,2026-08-11
POSI-J-000763,issn_l,0032-1052,2026-08-11
POSI-J-000764,issn_l,0003-4967,2026-08-11
POSI-J-000765,issn_l,0195-668X,2026-08-11
POSI-J-000766,issn_l,0923-7534,2026-08-11
POSI-J-000767,issn_l,1552-5260,2026-08-11
POSI-J-000768,issn_l,1420-3049,2026-08-11
POSI-J-000769,issn_l,1756-1833,2026-08-11
POSI-J-000770,issn_l,0033-8419,2026-08-11
POSI-J-000771,issn_l,0015-0282,2026-08-11
POSI-J-000772,issn_l,0031-4005,2026-08-11
POSI-J-000773,issn_l,0021-8561,2026-08-11
POSI-J-000774,issn_l,0041-1337,2026-08-11
POSI-J-000775,issn_l,0168-8278,2026-08-11
POSI-J-000776,issn_l,0003-3022,2026-08-11
POSI-J-000777,issn_l,0090-3493,2026-08-11
POSI-J-000778,issn_l,0091-6749,2026-08-11
POSI-J-000779,issn_l,0002-9149,2026-08-11
POSI-J-000780,issn_l,0008-543X,2026-08-11
POSI-J-000781,issn_l,0021-972X,2026-08-11
POSI-J-000782,issn_l,2077-0383,2026-08-11
POSI-J-000783,issn_l,0308-8146,2026-08-11
POSI-J-000784,issn_l,0013-7227,2026-08-11
POSI-J-000785,issn_l,0025-7974,2026-08-11
POSI-J-000786,issn_l,0022-3476,2026-08-11
POSI-J-000787,issn_l,0002-9394,2026-08-11
POSI-J-000788,issn_l,0039-2499,2026-08-11
POSI-J-000789,issn_l,0031-3998,2026-08-11
POSI-J-000790,issn_l,0022-2860,2026-08-11
POSI-J-000791,issn_l,0003-4975,2026-08-11
POSI-J-000792,issn_l,0071-3384,2026-08-11
POSI-J-000793,issn_l,0003-2999,2026-08-11
POSI-J-000794,issn_l,2405-8440,2026-08-11
POSI-J-000795,issn_l,2044-6055,2026-08-11
POSI-J-000796,issn_l,0007-0963,2026-08-11
POSI-J-000797,issn_l,0931-0509,2026-08-11
POSI-J-000798,issn_l,0022-5223,2026-08-11
POSI-J-000799,issn_l,0002-8703,2026-08-11
POSI-J-000800,issn_l,0002-9610,2026-08-11
POSI-J-000801,issn_l,0946-2716,2026-08-11
POSI-J-000802,issn_l,0023-852X,2026-08-11
POSI-J-000803,issn_l,0167-5273,2026-08-11
POSI-J-000804,issn_l,0090-4295,2026-08-11
POSI-J-000805,issn_l,2072-6643,2026-08-11
POSI-J-000806,issn_l,2234-943X,2026-08-11
POSI-J-000807,issn_l,0003-4932,2026-08-11
POSI-J-000808,issn_l,1058-4838,2026-08-11
POSI-J-000809,issn_l,0022-3468,2026-08-11
POSI-J-000810,issn_l,2072-6694,2026-08-11
POSI-J-000811,issn_l,0021-9150,2026-08-11
POSI-J-000812,issn_l,0002-9580,2026-08-11
POSI-J-000813,issn_l,0924-977X,2026-08-11
POSI-J-000814,issn_l,0028-1042,2026-08-11
POSI-J-000815,issn_l,0003-9888,2026-08-11
POSI-J-000816,issn_l,1471-2458,2026-08-11
POSI-J-000817,issn_l,0002-9343,2026-08-11
POSI-J-000818,issn_l,0002-8177,2026-08-11
POSI-J-000819,issn_l,0903-1936,2026-08-11
POSI-J-000820,issn_l,0020-1693,2026-08-11
POSI-J-000821,issn_l,1079-2082,2026-08-11
POSI-J-000822,issn_l,0270-9139,2026-08-11
POSI-J-000823,issn_l,0365-1436,2026-08-11
POSI-J-000824,issn_l,0002-7294,2026-08-11
POSI-J-000825,issn_l,0960-7692,2026-08-11
POSI-J-000826,issn_l,0161-6439,2026-08-11
POSI-J-000827,issn_l,0009-7330,2026-08-11
POSI-J-000828,issn_l,0029-7844,2026-08-11
POSI-J-000829,issn_l,0022-3166,2026-08-11
POSI-J-000830,issn_l,1072-4710,2026-08-11
POSI-J-000831,issn_l,0007-0912,2026-08-11
POSI-J-000832,issn_l,1522-8517,2026-08-11
POSI-J-000833,issn_l,0007-1048,2026-08-11
POSI-J-000834,issn_l,0003-2409,2026-08-11
POSI-J-000835,issn_l,0090-0036,2026-08-11
POSI-J-000836,issn_l,0306-5456,2026-08-11
POSI-J-000837,issn_l,0020-6695,2026-08-11
POSI-J-000838,issn_l,0007-1285,2026-08-11
POSI-J-000839,issn_l,0277-2116,2026-08-11
POSI-J-000840,issn_l,0002-9165,2026-08-11
POSI-J-000841,issn_l,0090-8258,2026-08-11
POSI-J-000842,issn_l,0003-1488,2026-08-11
POSI-J-000843,issn_l,1556-0864,2026-08-11
POSI-J-000844,issn_l,0007-0920,2026-08-11
POSI-J-000845,issn_l,1361-6137,2026-08-11
POSI-J-000846,issn_l,0022-4804,2026-08-11
POSI-J-000847,issn_l,0009-921X,2026-08-11
POSI-J-000848,issn_l,0268-1161,2026-08-11
POSI-J-000849,issn_l,1078-0432,2026-08-11
POSI-J-000850,issn_l,0891-5849,2026-08-11
POSI-J-000851,issn_l,0021-9355,2026-08-11
POSI-J-000852,issn_l,0169-5002,2026-08-11
POSI-J-000853,issn_l,1462-0324,2026-08-11
POSI-J-000854,issn_l,0026-4075,2026-08-11
POSI-J-000855,issn_l,0302-2838,2026-08-11
POSI-J-000856,issn_l,1040-2446,2026-08-11
POSI-J-000857,issn_l,1355-6037,2026-08-11
POSI-J-000858,issn_l,0014-4827,2026-08-11
POSI-J-000859,issn_l,0022-3085,2026-08-11
POSI-J-000860,issn_l,0002-8614,2026-08-11
POSI-J-000861,issn_l,0007-1161,2026-08-11
POSI-J-000862,issn_l,1878-8750,2026-08-11
POSI-J-000863,issn_l,0085-2538,2026-08-11
POSI-J-000864,issn_l,0194-911X,2026-08-11
POSI-J-000865,issn_l,0272-6386,2026-08-11
POSI-J-000866,issn_l,0017-5749,2026-08-11
POSI-J-000867,issn_l,2296-858X,2026-08-11
POSI-J-000868,issn_l,1072-7515,2026-08-11
POSI-J-000869,issn_l,0340-6245,2026-08-11
POSI-J-000870,issn_l,0022-2828,2026-08-11
POSI-J-000871,issn_l,0163-2116,2026-08-11
POSI-J-000872,issn_l,0002-9637,2026-08-11
POSI-J-000873,issn_l,0362-2436,2026-08-11
POSI-J-000874,issn_l,1007-9327,2026-08-11
POSI-J-000875,issn_l,0165-0327,2026-08-11
POSI-J-000876,issn_l,0022-3913,2026-08-11
POSI-J-000877,issn_l,0277-5387,2026-08-11
POSI-J-000878,issn_l,1040-5488,2026-08-11
POSI-J-000879,issn_l,0003-9128,2026-08-11
POSI-J-000880,issn_l,0920-9964,2026-08-11
POSI-J-000881,issn_l,0945-6317,2026-08-11
POSI-J-000882,issn_l,0161-6420,2026-08-11
POSI-J-000883,issn_l,0032-5473,2026-08-11
POSI-J-000884,issn_l,0937-4477,2026-08-11
POSI-J-000885,issn_l,0149-5992,2026-08-11
POSI-J-000886,issn_l,1083-8791,2026-08-11
POSI-J-000887,issn_l,0363-6135,2026-08-11
POSI-J-000888,issn_l,1099-5129,2026-08-11
POSI-J-000889,issn_l,1664-2295,2026-08-11
POSI-J-000890,issn_l,0006-3363,2026-08-11
POSI-J-000891,issn_l,0804-4643,2026-08-11
POSI-J-000892,issn_l,0031-9023,2026-08-11
POSI-J-000893,issn_l,1547-5271,2026-08-11
POSI-J-000894,issn_l,0012-1037,2026-08-11
POSI-J-000895,issn_l,1063-4584,2026-08-11
POSI-J-000896,issn_l,1364-8535,2026-08-11
POSI-J-000897,issn_l,1590-8658,2026-08-11
POSI-J-000898,issn_l,1664-2392,2026-08-11
POSI-J-000899,issn_l,0021-9746,2026-08-11
POSI-J-000900,issn_l,1471-2407,2026-08-11
POSI-J-000901,issn_l,0020-1383,2026-08-11
POSI-J-000902,issn_l,0363-9762,2026-08-11
POSI-J-000903,issn_l,1071-9164,2026-08-11
POSI-J-000904,issn_l,0003-9187,2026-08-11
POSI-J-000905,issn_l,0049-3848,2026-08-11
POSI-J-000906,issn_l,0733-222X,2026-08-11
POSI-J-000907,issn_l,1201-9712,2026-08-11
POSI-J-000908,issn_l,0035-9203,2026-08-11
POSI-J-000909,issn_l,0041-1132,2026-08-11
POSI-J-000910,issn_l,1664-042X,2026-08-11
POSI-J-000911,issn_l,0040-6376,2026-08-11
POSI-J-000912,issn_l,0930-2794,2026-08-11
POSI-J-000913,issn_l,0141-0768,2026-08-11
POSI-J-000914,issn_l,0926-9959,2026-08-11
POSI-J-000915,issn_l,2075-4418,2026-08-11
POSI-J-000916,issn_l,0340-6199,2026-08-11
POSI-J-000917,issn_l,0022-0345,2026-08-11
POSI-J-000918,issn_l,0011-9059,2026-08-11
POSI-J-000919,issn_l,0950-9232,2026-08-11
POSI-J-000920,issn_l,1873-2763,2026-08-11
POSI-J-000921,issn_l,0304-3959,2026-08-11
POSI-J-000922,issn_l,1664-0640,2026-08-11
POSI-J-000923,issn_l,0093-691X,2026-08-11
POSI-J-000924,issn_l,0028-2243,2026-08-11
POSI-J-000925,issn_l,0749-8063,2026-08-11
POSI-J-000926,issn_l,0012-1622,2026-08-11
POSI-J-000927,issn_l,0265-0215,2026-08-11
POSI-J-000928,issn_l,0735-6757,2026-08-11
POSI-J-000929,issn_l,0284-1851,2026-08-11
POSI-J-000930,issn_l,0278-6915,2026-08-11
POSI-J-000931,issn_l,0009-9260,2026-08-11
POSI-J-000932,issn_l,0899-823X,2026-08-11
POSI-J-000933,issn_l,1472-6963,2026-08-11
POSI-J-000934,issn_l,0003-4894,2026-08-11
POSI-J-000935,issn_l,0013-9580,2026-08-11
POSI-J-000936,issn_l,0146-2776,2026-08-11
POSI-J-000937,issn_l,1364-5447,2026-08-11
POSI-J-000938,issn_l,0721-832X,2026-08-11
POSI-J-000939,issn_l,0895-7061,2026-08-11
POSI-J-000940,issn_l,1999-4915,2026-08-11
POSI-J-000941,issn_l,0364-5134,2026-08-11
POSI-J-000942,issn_l,1743-9159,2026-08-11
POSI-J-000943,issn_l,0891-3668,2026-08-11
POSI-J-000944,issn_l,0938-7994,2026-08-11
POSI-J-000945,issn_l,0002-9645,2026-08-11
POSI-J-000946,issn_l,1529-9430,2026-08-11
POSI-J-000947,issn_l,0023-8236,2026-08-11
POSI-J-000948,issn_l,0012-3706,2026-08-11
POSI-J-000949,issn_l,1471-2334,2026-08-11
POSI-J-000950,issn_l,0020-1324,2026-08-11
POSI-J-000951,issn_l,0261-5614,2026-08-11
POSI-J-000952,issn_l,0016-9013,2026-08-11
POSI-J-000953,issn_l,1010-7940,2026-08-11
POSI-J-000954,issn_l,0144-8420,2026-08-11
POSI-J-000955,issn_l,0300-9572,2026-08-11
POSI-J-000956,issn_l,0007-1145,2026-08-11
POSI-J-000957,issn_l,0084-5353,2026-08-11
POSI-J-000958,issn_l,0001-6349,2026-08-11
POSI-J-000959,issn_l,0001-690X,2026-08-11
POSI-J-000960,issn_l,0163-3864,2026-08-11
POSI-J-000961,issn_l,0883-5403,2026-08-11
POSI-J-000962,issn_l,0309-2402,2026-08-11
POSI-J-000963,issn_l,0364-2313,2026-08-11
POSI-J-000964,issn_l,0008-6363,2026-08-11
POSI-J-000965,issn_l,0012-6578,2026-08-11
POSI-J-000966,issn_l,1078-8956,2026-08-11
POSI-J-000967,issn_l,0042-9007,2026-08-11
POSI-J-000968,issn_l,0002-0729,2026-08-11
POSI-J-000969,issn_l,0363-5023,2026-08-11
POSI-J-000970,issn_l,1464-4096,2026-08-11
POSI-J-000971,issn_l,0929-693X,2026-08-11
POSI-J-000972,issn_l,0168-8227,2026-08-11
POSI-J-000973,issn_l,0148-7043,2026-08-11
POSI-J-000974,issn_l,0197-4580,2026-08-11
POSI-J-000975,issn_l,0196-6553,2026-08-11
POSI-J-000976,issn_l,0740-3194,2026-08-11
POSI-J-000977,issn_l,0342-4642,2026-08-11
POSI-J-000978,issn_l,0820-3946,2026-08-11
POSI-J-000979,issn_l,0012-186X,2026-08-11
POSI-J-000980,issn_l,0160-2446,2026-08-11
POSI-J-000981,issn_l,1076-0512,2026-08-11
POSI-J-000982,issn_l,0105-4538,2026-08-11
POSI-J-000983,issn_l,1053-0770,2026-08-11
POSI-J-000984,issn_l,0146-6615,2026-08-11
POSI-J-000985,issn_l,0165-1781,2026-08-11
POSI-J-000986,issn_l,0884-8734,2026-08-11
POSI-J-000987,issn_l,0889-5406,2026-08-11
POSI-J-000988,issn_l,0022-0795,2026-08-11
POSI-J-000989,issn_l,0021-1265,2026-08-11
POSI-J-000990,issn_l,0039-6060,2026-08-11
POSI-J-000991,issn_l,0030-3755,2026-08-11
POSI-J-000992,issn_l,1080-6040,2026-08-11
POSI-J-000993,issn_l,0147-8389,2026-08-11
POSI-J-000994,issn_l,1081-5589,2026-08-11
POSI-J-000995,issn_l,0031-8655,2026-08-11
POSI-J-000996,issn_l,0026-0495,2026-08-11
POSI-J-000997,issn_l,0004-9425,2026-08-11
POSI-J-000998,issn_l,0161-5890,2026-08-11
POSI-J-000999,issn_l,0832-610X,2026-08-11
POSI-J-001000,issn_l,0078-5334,2026-08-11
