posi_id,title,issn,old_url,new_url
POSI-J-023343,"Tetrahedron Letters",0040-4039,"http://www.elsevier.com/wps/find/journaldescription.cws_home/233/description#description","https://www.sciencedirect.com/science/journal/00404039"
POSI-J-023347,"Journal of Alloys and Compounds",0925-8388,"https://www.journals.elsevier.com/journal-of-alloys-and-compounds","https://www.sciencedirect.com/science/journal/09258388"
POSI-J-023349,"The Science of The Total Environment",0048-9697,"https://www.journals.elsevier.com/science-of-the-total-environment","https://www.sciencedirect.com/science/journal/00489697"
POSI-J-023353,"Chemical Engineering Journal",1385-8947,"https://www.journals.elsevier.com/chemical-engineering-journal","https://www.sciencedirect.com/science/journal/13858947"
POSI-J-023357,"Applied Surface Science",0169-4332,"https://www.journals.elsevier.com/applied-surface-science","https://www.sciencedirect.com/science/journal/01694332"
POSI-J-023359,"Journal of Chromatography A",0021-9673,"http://www.elsevier.com/locate/chroma","https://www.sciencedirect.com/science/journal/00219673"
POSI-J-023360,"Chemical Physics Letters",0009-2614,"http://www.journals.elsevier.com/chemical-physics-letters","https://www.sciencedirect.com/science/journal/00092614"
POSI-J-000516,"Physics Letters B",0370-2693,"https://www.journals.elsevier.com/physics-letters-b","https://www.sciencedirect.com/science/journal/03702693"
POSI-J-023362,"International Journal of Hydrogen Energy",0360-3199,"http://www.journals.elsevier.com/international-journal-of-hydrogen-energy/","https://www.sciencedirect.com/science/journal/03603199"
POSI-J-023367,"Tetrahedron",0040-4020,"http://www.journals.elsevier.com/tetrahedron/","https://www.sciencedirect.com/science/journal/00404020"
POSI-J-023368,"Ceramics International",0272-8842,"https://www.journals.elsevier.com/ceramics-international","https://www.sciencedirect.com/science/journal/02728842"
POSI-J-023374,"Electrochimica Acta",0013-4686,"http://www.elsevier.com/wps/find/journaldescription.cws_home/205/description#description","https://www.sciencedirect.com/science/journal/00134686"
POSI-J-023375,"Physics Letters A",0375-9601,"http://www.elsevier.com/wps/find/journaldescription.cws_home/505705/description","https://www.sciencedirect.com/science/journal/03759601"
POSI-J-023376,"Vacuum",0042-207X,"https://www.journals.elsevier.com/vacuum","https://www.sciencedirect.com/science/journal/0042207X"
POSI-J-023379,"International Journal of Biological Macromolecules",0141-8130,"http://www.journals.elsevier.com/international-journal-of-biological-macromolecules/","https://www.sciencedirect.com/science/journal/01418130"
POSI-J-023383,"Chemosphere",0045-6535,"http://www.elsevier.com/locate/chemosphere","https://www.sciencedirect.com/science/journal/00456535"
POSI-J-023384,"Journal of Colloid and Interface Science",0021-9797,"http://www.journals.elsevier.com/journal-of-colloid-and-interface-science/","https://www.sciencedirect.com/science/journal/00219797"
POSI-J-023385,"Journal of Cleaner Production",0959-6526,"https://www.journals.elsevier.com/journal-of-cleaner-production","https://www.sciencedirect.com/science/journal/09596526"
POSI-J-023386,"Journal of Magnetism and Magnetic Materials",0304-8853,"http://www.journals.elsevier.com/journal-of-magnetism-and-magnetic-materials/","https://www.sciencedirect.com/science/journal/03048853"
POSI-J-023388,"Construction and Building Materials",0950-0618,"https://www.journals.elsevier.com/construction-and-building-materials","https://www.sciencedirect.com/science/journal/09500618"
POSI-J-023392,"Thin Solid Films",0040-6090,"http://www.journals.elsevier.com/thin-solid-films/","https://www.sciencedirect.com/science/journal/00406090"
POSI-J-023393,"Analytica Chimica Acta",0003-2670,"http://www.elsevier.com/wps/product/cws_home/502681","https://www.sciencedirect.com/science/journal/00032670"
POSI-J-023394,"Fuel",0016-2361,"https://www.journals.elsevier.com/fuel","https://www.sciencedirect.com/science/journal/00162361"
POSI-J-023396,"Materials Science and Engineering A",0921-5093,"https://www.journals.elsevier.com/materials-science-and-engineering-a","https://www.sciencedirect.com/science/journal/09215093"
POSI-J-023401,"Journal of Organometallic Chemistry",0022-328X,"http://www.elsevier.com/locate/inca/504090","https://www.sciencedirect.com/science/journal/0022328X"
POSI-J-023403,"Solid State Communications",0038-1098,"http://www.journals.elsevier.com/solid-state-communications","https://www.sciencedirect.com/science/journal/00381098"
POSI-J-023404,"Energy",0360-5442,"http://www.journals.elsevier.com/energy","https://www.sciencedirect.com/science/journal/03605442"
POSI-J-023407,"Journal of Hazardous Materials",0304-3894,"https://www.journals.elsevier.com/journal-of-hazardous-materials","https://www.sciencedirect.com/science/journal/03043894"
POSI-J-023409,"Nuclear Instruments and Methods in Physics Research Section B Beam Interactions with Materials and Atoms",0168-583X,"https://www.journals.elsevier.com/nuclear-instruments-and-methods-in-physics-research-section-b-beam-interactions-with-materials-and-atoms","https://www.sciencedirect.com/science/journal/0168583X"
POSI-J-023410,"Materials Letters",0167-577X,"https://www.journals.elsevier.com/materials-letters","https://www.sciencedirect.com/science/journal/0167577X"
POSI-J-023413,"Polymer",0032-3861,"https://www.journals.elsevier.com/polymer","https://www.sciencedirect.com/science/journal/00323861"
POSI-J-023414,"Journal of Crystal Growth",0022-0248,"https://www.journals.elsevier.com/journal-of-crystal-growth","https://www.sciencedirect.com/science/journal/00220248"
POSI-J-023415,"Materials Today Proceedings",2214-7853,"https://www.journals.elsevier.com/materials-today-proceedings","https://www.sciencedirect.com/science/journal/22147853"
POSI-J-023416,"Journal of Power Sources",0378-7753,"http://www.elsevier.com/wps/find/journaldescription.cws_home/504093/description","https://www.sciencedirect.com/science/journal/03787753"
POSI-J-023417,"Physica B Condensed Matter",0921-4526,"https://www.journals.elsevier.com/physica-b-condensed-matter","https://www.sciencedirect.com/science/journal/09214526"
POSI-J-023419,"Optics Communications",0030-4018,"http://www.elsevier.com/wps/find/journaldescription.cws_home/505711/description","https://www.sciencedirect.com/science/journal/00304018"
POSI-J-023422,"Surface Science",0039-6028,"https://www.journals.elsevier.com/surface-science","https://www.sciencedirect.com/science/journal/00396028"
POSI-J-023423,"Nuclear Physics A",0375-9474,"https://www.sciencedirect.com/journal/nuclear-physics-a","https://www.sciencedirect.com/science/journal/03759474"
POSI-J-023425,"Sensors and Actuators B Chemical",0925-4005,"https://www.journals.elsevier.com/sensors-and-actuators-b-chemical","https://www.sciencedirect.com/science/journal/09254005"
POSI-J-023430,"Talanta",0039-9140,"http://www.elsevier.com/locate/inca/525438","https://www.sciencedirect.com/science/journal/00399140"
POSI-J-023433,"International Journal of Heat and Mass Transfer",0017-9310,"https://www.journals.elsevier.com/international-journal-of-heat-and-mass-transfer","https://www.sciencedirect.com/science/journal/00179310"
POSI-J-023435,"Journal of Mathematical Analysis and Applications",0022-247X,"https://www.journals.elsevier.com/journal-of-mathematical-analysis-and-applications","https://www.sciencedirect.com/science/journal/0022247X"
POSI-J-023436,"Bioresource Technology",0960-8524,"http://journals.elsevier.com/09608524/bioresource-technology/","https://www.sciencedirect.com/science/journal/09608524"
POSI-J-023438,"Procedia Computer Science",1877-0509,"https://www.journals.elsevier.com/procedia-computer-science","https://www.sciencedirect.com/science/journal/18770509"
POSI-J-023439,"Colloids and Surfaces A Physicochemical and Engineering Aspects",0927-7757,"http://www.journals.elsevier.com/colloids-and-surfaces-a-physicochemical-and-engineering-aspects/","https://www.sciencedirect.com/science/journal/09277757"
POSI-J-023441,"Chemical Engineering Science",0009-2509,"http://www.journals.elsevier.com/chemical-engineering-science/","https://www.sciencedirect.com/science/journal/00092509"
POSI-J-023443,"Journal of Nuclear Materials",0022-3115,"https://www.journals.elsevier.com/journal-of-nuclear-materials","https://www.sciencedirect.com/science/journal/00223115"
POSI-J-023445,"Physica A Statistical Mechanics and its Applications",0378-4371,"https://www.journals.elsevier.com/physica-a-statistical-mechanics-and-its-applications","https://www.sciencedirect.com/science/journal/03784371"
POSI-J-023447,"Applied Thermal Engineering",1359-4311,"http://www.sciencedirect.com/science/journal/13594311","https://www.sciencedirect.com/science/journal/13594311"
POSI-J-023455,"Surface and Coatings Technology",0257-8972,"https://www.journals.elsevier.com/surface-and-coatings-technology","https://www.sciencedirect.com/science/journal/02578972"
POSI-J-000546,"Nuclear Physics B",0550-3213,"https://www.journals.elsevier.com/nuclear-physics-b","https://www.sciencedirect.com/science/journal/05503213"
POSI-J-023456,"Water Research",0043-1354,"http://www.elsevier.com/wps/find/journaldescription.cws_home/309/description","https://www.sciencedirect.com/science/journal/00431354"
POSI-J-023458,"Journal of Non-Crystalline Solids",0022-3093,"https://www.journals.elsevier.com/journal-of-non-crystalline-solids","https://www.sciencedirect.com/science/journal/00223093"
POSI-J-023459,"Separation and Purification Technology",1383-5866,"https://www.journals.elsevier.com/separation-and-purification-technology","https://www.sciencedirect.com/science/journal/13835866"
POSI-J-023462,"Analytical Biochemistry",0003-2697,"http://www.journals.elsevier.com/analytical-biochemistry-methods-in-the-biological-sciences/","https://www.sciencedirect.com/science/journal/00032697"
POSI-J-023463,"Microelectronics Reliability",0026-2714,"https://www.journals.elsevier.com/microelectronics-reliability","https://www.sciencedirect.com/science/journal/00262714"
POSI-J-023466,"Carbon",0008-6223,"http://www.elsevier.com/wps/find/journaldescription.cws_home/258/description#description","https://www.sciencedirect.com/science/journal/00086223"
POSI-J-023468,"Journal of Environmental Management",0301-4797,"https://www.journals.elsevier.com/journal-of-environmental-management","https://www.sciencedirect.com/science/journal/03014797"
POSI-J-023470,"Journal of Hydrology",0022-1694,"http://www.elsevier.com/wps/find/journaldescription.cws_home/503343/description","https://www.sciencedirect.com/science/journal/00221694"
POSI-J-023471,"Journal of Sound and Vibration",0022-460X,"http://www.sciencedirect.com/science/journal/0022460x","https://www.sciencedirect.com/science/journal/0022460X"
POSI-J-023472,"IFAC-PapersOnLine",2405-8963,"https://www.journals.elsevier.com/ifac-papersonline","https://www.sciencedirect.com/science/journal/24058963"
POSI-J-023475,"Environmental Pollution",0269-7491,"https://www.journals.elsevier.com/environmental-pollution","https://www.sciencedirect.com/science/journal/02697491"
POSI-J-023476,"Physica C Superconductivity",0921-4534,"https://www.journals.elsevier.com/physica-c-superconductivity-and-its-applications","https://www.sciencedirect.com/science/journal/09214534"
POSI-J-023479,"Journal of Molecular Liquids",0167-7322,"https://www.journals.elsevier.com/journal-of-molecular-liquids","https://www.sciencedirect.com/science/journal/01677322"
POSI-J-023481,"Applied Energy",0306-2619,"https://www.journals.elsevier.com/applied-energy","https://www.sciencedirect.com/science/journal/03062619"
POSI-J-023482,"Renewable Energy",0960-1481,"https://www.journals.elsevier.com/renewable-energy","https://www.sciencedirect.com/science/journal/09601481"
POSI-J-023483,"Marine Pollution Bulletin",0025-326X,"https://www.journals.elsevier.com/marine-pollution-bulletin","https://www.sciencedirect.com/science/journal/0025326X"
POSI-J-023485,"Neurocomputing",0925-2312,"http://www.elsevier.com/locate/neucom","https://www.sciencedirect.com/science/journal/09252312"
POSI-J-023486,"Advances in Space Research",0273-1177,"https://www.journals.elsevier.com/advances-in-space-research","https://www.sciencedirect.com/science/journal/02731177"
POSI-J-023487,"Journal of Pharmaceutical Sciences",0022-3549,"https://www.sciencedirect.com/journal/journal-of-pharmaceutical-sciences","https://www.sciencedirect.com/science/journal/00223549"
POSI-J-023489,"Materials Chemistry and Physics",0254-0584,"https://www.journals.elsevier.com/materials-chemistry-and-physics","https://www.sciencedirect.com/science/journal/02540584"
POSI-J-023493,"Ocean Engineering",0029-8018,"https://www.journals.elsevier.com/ocean-engineering","https://www.sciencedirect.com/science/journal/00298018"
POSI-J-023494,"Journal of Membrane Science",0376-7388,"http://www.elsevier.com/wps/find/journaldescription.cws_home/502692/description","https://www.sciencedirect.com/science/journal/03767388"
POSI-J-023495,"Spectrochimica Acta Part A Molecular and Biomolecular Spectroscopy",1386-1425,"http://www.journals.elsevier.com/spectrochimica-acta-part-a-molecular-and-biomolecular-spectroscopy","https://www.sciencedirect.com/science/journal/13861425"
POSI-J-023496,"Public Health",0033-3506,"https://www.journals.elsevier.com/public-health","https://www.sciencedirect.com/science/journal/00333506"
POSI-J-023500,"Geochimica et Cosmochimica Acta",0016-7037,"http://www.elsevier.com/wps/find/journaldescription.cws_home/212/description","https://www.sciencedirect.com/science/journal/00167037"
POSI-J-023504,"Mayo Clinic Proceedings",0025-6196,"https://www.sciencedirect.com/journal/mayo-clinic-proceedings","https://www.sciencedirect.com/science/journal/00256196"
POSI-J-023510,"Applied Mathematics and Computation",0096-3003,"https://www.journals.elsevier.com/applied-mathematics-and-computation","https://www.sciencedirect.com/science/journal/00963003"
POSI-J-023518,"Journal of Biomechanics",0021-9290,"https://www.journals.elsevier.com/journal-of-biomechanics","https://www.sciencedirect.com/science/journal/00219290"
POSI-J-023519,"Microchemical Journal",0026-265X,"https://www.journals.elsevier.com/microchemical-journal","https://www.sciencedirect.com/science/journal/0026265X"
POSI-J-023520,"Journal of Solid State Chemistry",0022-4596,"http://www.journals.elsevier.com/journal-of-solid-state-chemistry/","https://www.sciencedirect.com/science/journal/00224596"
POSI-J-023521,"Wear",0043-1648,"http://www.elsevier.com/wps/find/journaldescription.cws_home/504107/description","https://www.sciencedirect.com/science/journal/00431648"
POSI-J-023525,"Journal of Catalysis",0021-9517,"http://www.journals.elsevier.com/journal-of-catalysis/","https://www.sciencedirect.com/science/journal/00219517"
POSI-J-023527,"Powder Technology",0032-5910,"https://www.journals.elsevier.com/powder-technology","https://www.sciencedirect.com/science/journal/00325910"
POSI-J-023528,"Environmental Research",0013-9351,"http://www.journals.elsevier.com/environmental-research/","https://www.sciencedirect.com/science/journal/00139351"
POSI-J-023533,"Engineering Structures",0141-0296,"https://www.journals.elsevier.com/engineering-structures","https://www.sciencedirect.com/science/journal/01410296"
POSI-J-023534,"Biomaterials",0142-9612,"http://www.journals.elsevier.com/biomaterials","https://www.sciencedirect.com/science/journal/01429612"
POSI-J-023535,"Thermochimica Acta",0040-6031,"https://www.journals.elsevier.com/thermochimica-acta","https://www.sciencedirect.com/science/journal/00406031"
POSI-J-023536,"Energy Conversion and Management",0196-8904,"https://www.journals.elsevier.com/energy-conversion-and-management","https://www.sciencedirect.com/science/journal/01968904"
POSI-J-023538,"Optik",0030-4026,"http://www.elsevier.com/wps/find/journaldescription.cws_home/701788/description#description","https://www.sciencedirect.com/science/journal/00304026"
POSI-J-023539,"Journal of Physics and Chemistry of Solids",0022-3697,"https://www.journals.elsevier.com/journal-of-physics-and-chemistry-of-solids","https://www.sciencedirect.com/science/journal/00223697"
POSI-J-023541,"Atmospheric Environment",1352-2310,"https://www.journals.elsevier.com/atmospheric-environment","https://www.sciencedirect.com/science/journal/13522310"
POSI-J-023542,"Journal of Energy Storage",2352-152X,"https://www.journals.elsevier.com/journal-of-energy-storage","https://www.sciencedirect.com/science/journal/2352152X"
POSI-J-023544,"Carbohydrate Research",0008-6215,"https://www.journals.elsevier.com/carbohydrate-research","https://www.sciencedirect.com/science/journal/00086215"
POSI-J-023546,"Measurement",0263-2241,"https://www.journals.elsevier.com/measurement","https://www.sciencedirect.com/science/journal/02632241"
POSI-J-023548,"Earth and Planetary Science Letters",0012-821X,"http://www.elsevier.com/wps/find/journaldescription.cws_home/503328/description","https://www.sciencedirect.com/science/journal/0012821X"
POSI-J-023549,"Acta Materialia",1359-6454,"https://www.sciencedirect.com/journal/acta-materialia","https://www.sciencedirect.com/science/journal/13596454"
POSI-J-023550,"Synthetic Metals",0379-6779,"http://www.sciencedirect.com/science/journal/03796779","https://www.sciencedirect.com/science/journal/03796779"
POSI-J-023552,"Journal of Computational Physics",0021-9991,"http://www.elsevier.com/locate/jcp","https://www.sciencedirect.com/science/journal/00219991"
POSI-J-023555,"Journal of Luminescence",0022-2313,"http://www.sciencedirect.com/science/journal/00222313","https://www.sciencedirect.com/science/journal/00222313"
POSI-J-000506,"Journal of Biological Chemistry",0021-9258,"https://www.sciencedirect.com/journal/journal-of-biological-chemistry","https://www.sciencedirect.com/science/journal/00219258"
POSI-J-023560,"Biochemical and Biophysical Research Communications",0006-291X,"http://www.elsevier.com/wps/find/journaldescription.cws_home/622790/description","https://www.sciencedirect.com/science/journal/0006291X"
POSI-J-023562,"Brain Research",0006-8993,"https://www.journals.elsevier.com/brain-research","https://www.sciencedirect.com/science/journal/00068993"
POSI-J-023565,"European Journal of Pharmacology",0014-2999,"http://www.elsevier.com/wps/find/journaldescription.cws_home/506087/description#description","https://www.sciencedirect.com/science/journal/00142999"
POSI-J-000532,"Journal of Dairy Science",0022-0302,"https://www.journals.elsevier.com/journal-of-dairy-science","https://www.sciencedirect.com/science/journal/00220302"
POSI-J-023567,"European Journal of Cancer",0959-8049,"https://www.journals.elsevier.com/european-journal-of-cancer","https://www.sciencedirect.com/science/journal/09598049"
POSI-J-023569,"Neuroscience Letters",0304-3940,"http://www.elsevier.com/wps/find/journaldescription.cws_home/506081/description#description","https://www.sciencedirect.com/science/journal/03043940"
POSI-J-023571,"Life Sciences",0024-3205,"http://www.elsevier.com/wps/find/journaldescription.cws_home/525477/description","https://www.sciencedirect.com/science/journal/00243205"
POSI-J-023574,"Journal of Molecular Biology",0022-2836,"http://www.elsevier.com/locate/issn/0022-2836","https://www.sciencedirect.com/science/journal/00222836"
POSI-J-023576,"Phytochemistry",0031-9422,"http://www.journals.elsevier.com/phytochemistry/","https://www.sciencedirect.com/science/journal/00319422"
POSI-J-000539,"Poultry Science",0032-5791,"https://www.journals.elsevier.com/poultry-science","https://www.sciencedirect.com/science/journal/00325791"
POSI-J-023577,"Archives of Biochemistry and Biophysics",0003-9861,"http://www.elsevier.com/locate/yabbi","https://www.sciencedirect.com/science/journal/00039861"
POSI-J-023581,"Biochemical Pharmacology",0006-2952,"http://www.elsevier.com/wps/find/journaldescription.cws_home/525454/description","https://www.sciencedirect.com/science/journal/00062952"
POSI-J-023584,"Bioorganic & Medicinal Chemistry Letters",0960-894X,"https://www.journals.elsevier.com/bioorganic-and-medicinal-chemistry-letters","https://www.sciencedirect.com/science/journal/0960894X"
POSI-J-023586,"Biological Psychiatry",0006-3223,"https://www.sciencedirect.com/journal/biological-psychiatry","https://www.sciencedirect.com/science/journal/00063223"
POSI-J-023589,"Clinica Chimica Acta",0009-8981,"http://www.elsevier.com/wps/find/journaldescription.cws_home/506018/description#description","https://www.sciencedirect.com/science/journal/00098981"
POSI-J-023590,"Virology",0042-6822,"http://www.journals.elsevier.com/virology/","https://www.sciencedirect.com/science/journal/00426822"
POSI-J-023592,"Neuroscience",0306-4522,"http://journals.elsevier.com/03064522/neuroscience/","https://www.sciencedirect.com/science/journal/03064522"
POSI-J-000553,"NeuroImage",1053-8119,"http://www.elsevier.com/locate/ynimg","https://www.sciencedirect.com/science/journal/10538119"
POSI-J-023597,"Gene",0378-1119,"http://www.elsevier.com/wps/find/journaldescription.cws_home/506033/description","https://www.sciencedirect.com/science/journal/03781119"
POSI-J-023599,"International Journal of Pharmaceutics",0378-5173,"http://www.elsevier.com/wps/find/journaldescription.cws_home/505513/description#description","https://www.sciencedirect.com/science/journal/03785173"
POSI-J-023602,"Aquaculture",0044-8486,"http://www.elsevier.com/wps/find/journaldescription.cws_home/503302/description","https://www.sciencedirect.com/science/journal/00448486"
POSI-J-023604,"Carbohydrate Polymers",0144-8617,"https://www.journals.elsevier.com/carbohydrate-polymers","https://www.sciencedirect.com/science/journal/01448617"
POSI-J-023610,"Current Biology",0960-9822,"https://www.sciencedirect.com/journal/current-biology","https://www.sciencedirect.com/science/journal/09609822"
POSI-J-023613,"Clinical Neurophysiology",1388-2457,"http://www.journals.elsevier.com/clinical-neurophysiology/","https://www.sciencedirect.com/science/journal/13882457"
POSI-J-023623,"Developmental Biology",0012-1606,"http://www.elsevier.com/wps/find/journaldescription.cws_home/622816/description#description","https://www.sciencedirect.com/science/journal/00121606"
POSI-J-023625,"Molecular Therapy",1525-0016,"https://www.journals.elsevier.com/molecular-therapy","https://www.sciencedirect.com/science/journal/15250016"
POSI-J-023627,"Journal of Ethnopharmacology",0378-8741,"http://www.elsevier.com/wps/find/journaldescription.cws_home/506035/description#description","https://www.sciencedirect.com/science/journal/03788741"
POSI-J-023632,"Biomedicine & Pharmacotherapy",0753-3322,"https://www.journals.elsevier.com/biomedicine-and-pharmacotherapy","https://www.sciencedirect.com/science/journal/07533322"
POSI-J-023637,"Biosensors and Bioelectronics",0956-5663,"http://www.journals.elsevier.com/biosensors-and-bioelectronics/","https://www.sciencedirect.com/science/journal/09565663"
POSI-J-023638,"Toxicon",0041-0101,"http://www.elsevier.com/wps/find/journaldescription.cws_home/259/description","https://www.sciencedirect.com/science/journal/00410101"
POSI-J-023640,"Biochimica et Biophysica Acta (BBA) - Biomembranes",0005-2736,"https://www.journals.elsevier.com/biochimica-et-biophysica-acta-biomembranes","https://www.sciencedirect.com/science/journal/00052736"
POSI-J-000576,"LWT",0023-6438,"https://www.sciencedirect.com/journal/lwt","https://www.sciencedirect.com/science/journal/00236438"
POSI-J-023648,"Food Research International",0963-9969,"https://www.journals.elsevier.com/food-research-international","https://www.sciencedirect.com/science/journal/09639969"
POSI-J-023649,"Cancer Letters",0304-3835,"http://www.elsevier.com/wps/find/journaldescription.cws_home/506050/description","https://www.sciencedirect.com/science/journal/03043835"
POSI-J-023652,"Toxicology and Applied Pharmacology",0041-008X,"http://www.elsevier.com/wps/find/journaldescription.cws_home/622951/description#description","https://www.sciencedirect.com/science/journal/0041008X"
POSI-J-023655,"Journal of Controlled Release",0168-3659,"http://www.elsevier.com/wps/find/journaldescription.cws_home/502690/description#description","https://www.sciencedirect.com/science/journal/01683659"
POSI-J-023656,"Journal of Theoretical Biology",0022-5193,"http://www.journals.elsevier.com/journal-of-theoretical-biology/","https://www.sciencedirect.com/science/journal/00225193"
POSI-J-023659,"Biotechnology Advances",0734-9750,"http://www.journals.elsevier.com/biotechnology-advances/","https://www.sciencedirect.com/science/journal/07349750"
POSI-J-000599,"Neuroscience Research",0168-0102,"https://www.journals.elsevier.com/neuroscience-research","https://www.sciencedirect.com/science/journal/01680102"
POSI-J-023660,"Animal Behaviour",0003-3472,"http://www.elsevier.com/wps/find/journaldescription.cws_home/622782/description#description","https://www.sciencedirect.com/science/journal/00033472"
POSI-J-023664,"Pharmacology Biochemistry and Behavior",0091-3057,"http://www.journals.elsevier.com/pharmacology-biochemistry-and-behavior/","https://www.sciencedirect.com/science/journal/00913057"
POSI-J-023665,"Biochimica et Biophysica Acta (BBA) - General Subjects",0304-4165,"https://www.journals.elsevier.com/biochimica-et-biophysica-acta-general-subjects","https://www.sciencedirect.com/science/journal/03044165"
POSI-J-023666,"Behavioural Brain Research",0166-4328,"http://www.elsevier.com/wps/find/journaldescription.cws_home/506045/description","https://www.sciencedirect.com/science/journal/01664328"
POSI-J-023668,"Scientia Horticulturae",0304-4238,"https://www.journals.elsevier.com/scientia-horticulturae","https://www.sciencedirect.com/science/journal/03044238"
POSI-J-023670,"Experimental Neurology",0014-4886,"http://www.journals.elsevier.com/experimental-neurology","https://www.sciencedirect.com/science/journal/00144886"
POSI-J-023671,"International Immunopharmacology",1567-5769,"https://www.journals.elsevier.com/international-immunopharmacology","https://www.sciencedirect.com/science/journal/15675769"
POSI-J-023673,"Human Immunology",0198-8859,"http://www.elsevier.com/locate/humimm","https://www.sciencedirect.com/science/journal/01988859"
POSI-J-023675,"Vision Research",0042-6989,"http://www.elsevier.com/wps/find/journaldescription.cws_home/263/description#description","https://www.sciencedirect.com/science/journal/00426989"
POSI-J-023679,"Journal of Biotechnology",0168-1656,"http://www.journals.elsevier.com/journal-of-biotechnology/#description","https://www.sciencedirect.com/science/journal/01681656"
POSI-J-023688,"Neuropharmacology",0028-3908,"http://www.elsevier.com/locate/neuropharm","https://www.sciencedirect.com/science/journal/00283908"
POSI-J-023695,"Radiation Physics and Chemistry",0969-806X,"https://www.journals.elsevier.com/radiation-physics-and-chemistry","https://www.sciencedirect.com/science/journal/0969806X"
POSI-J-023698,"Biochimica et Biophysica Acta (BBA) - Bioenergetics",0005-2728,"https://www.journals.elsevier.com/biochimica-et-biophysica-acta-bioenergetics","https://www.sciencedirect.com/science/journal/00052728"
POSI-J-023699,"Food Hydrocolloids",0268-005X,"https://www.journals.elsevier.com/food-hydrocolloids","https://www.sciencedirect.com/science/journal/0268005X"
POSI-J-023703,"Experimental Eye Research",0014-4835,"https://www.journals.elsevier.com/experimental-eye-research","https://www.sciencedirect.com/science/journal/00144835"
POSI-J-023708,"General and Comparative Endocrinology",0016-6480,"http://www.journals.elsevier.com/general-and-comparative-endocrinology/","https://www.sciencedirect.com/science/journal/00166480"
POSI-J-023711,"Forensic Science International",0379-0738,"https://www.journals.elsevier.com/forensic-science-international","https://www.sciencedirect.com/science/journal/03790738"
POSI-J-023714,"Food Control",0956-7135,"https://www.journals.elsevier.com/food-control","https://www.sciencedirect.com/science/journal/09567135"
POSI-J-023720,"Soil Biology and Biochemistry",0038-0717,"https://www.journals.elsevier.com/soil-biology-and-biochemistry","https://www.sciencedirect.com/science/journal/00380717"
POSI-J-000640,"Data in Brief",2352-3409,"https://www.journals.elsevier.com/data-in-brief","https://www.sciencedirect.com/science/journal/23523409"
POSI-J-000641,"Journal of Food Protection",0362-028X,"https://www.sciencedirect.com/journal/journal-of-food-protection","https://www.sciencedirect.com/science/journal/0362028X"
POSI-J-023730,"Molecular and Cellular Endocrinology",0303-7207,"http://www.elsevier.com/wps/find/journaldescription.cws_home/506028/description","https://www.sciencedirect.com/science/journal/03037207"
POSI-J-023733,"Fish & Shellfish Immunology",1050-4648,"https://www.journals.elsevier.com/fish-and-shellfish-immunology","https://www.sciencedirect.com/science/journal/10504648"
POSI-J-023734,"International Journal of Food Microbiology",0168-1605,"https://www.journals.elsevier.com/international-journal-of-food-microbiology","https://www.sciencedirect.com/science/journal/01681605"
POSI-J-023735,"Cellular Immunology",0008-8749,"https://www.journals.elsevier.com/cellular-immunology","https://www.sciencedirect.com/science/journal/00088749"
POSI-J-023736,"Toxicology",0300-483X,"http://www.elsevier.com/wps/find/journaldescription.cws_home/505518/description#description","https://www.sciencedirect.com/science/journal/0300483X"
POSI-J-023740,"Veterinary Microbiology",0378-1135,"https://www.journals.elsevier.com/veterinary-microbiology","https://www.sciencedirect.com/science/journal/03781135"
POSI-J-000651,"Pharmacological Research",1043-6618,"https://www.journals.elsevier.com/pharmacological-research","https://www.sciencedirect.com/science/journal/10436618"
POSI-J-023741,"Peptides",0196-9781,"http://www.journals.elsevier.com/peptides","https://www.sciencedirect.com/science/journal/01969781"
POSI-J-000652,"Brain Research Bulletin",0361-9230,"https://www.journals.elsevier.com/brain-research-bulletin","https://www.sciencedirect.com/science/journal/03619230"
POSI-J-023742,"Journal of Food Engineering",0260-8774,"https://www.journals.elsevier.com/journal-of-food-engineering","https://www.sciencedirect.com/science/journal/02608774"
POSI-J-023743,"Neuropsychologia",0028-3932,"https://www.journals.elsevier.com/neuropsychologia","https://www.sciencedirect.com/science/journal/00283932"
POSI-J-000657,"Geoderma",0016-7061,"https://www.journals.elsevier.com/geoderma","https://www.sciencedirect.com/science/journal/00167061"
POSI-J-023744,"International Journal of Antimicrobial Agents",0924-8579,"https://www.journals.elsevier.com/international-journal-of-antimicrobial-agents","https://www.sciencedirect.com/science/journal/09248579"
POSI-J-023745,"Cytokine",1043-4666,"https://www.journals.elsevier.com/cytokine","https://www.sciencedirect.com/science/journal/10434666"
POSI-J-023754,"Journal of the Franklin Institute",0016-0032,"https://www.journals.elsevier.com/journal-of-the-franklin-institute","https://www.sciencedirect.com/science/journal/00160032"
POSI-J-023762,"Vaccine",0264-410X,"http://www.elsevier.com/locate/vaccine","https://www.sciencedirect.com/science/journal/0264410X"
POSI-J-023765,"Expert Systems with Applications",0957-4174,"https://www.journals.elsevier.com/expert-systems-with-applications","https://www.sciencedirect.com/science/journal/09574174"
POSI-J-023769,"European Journal of Operational Research",0377-2217,"https://www.journals.elsevier.com/european-journal-of-operational-research","https://www.sciencedirect.com/science/journal/03772217"
POSI-J-023772,"Social Science & Medicine",0277-9536,"http://www.elsevier.com/wps/find/journaldescription.cws_home/315/description#description","https://www.sciencedirect.com/science/journal/02779536"
POSI-J-023775,"Information Sciences",0020-0255,"https://www.journals.elsevier.com/information-sciences","https://www.sciencedirect.com/science/journal/00200255"
POSI-J-023777,"Physiology & Behavior",0031-9384,"http://www.journals.elsevier.com/physiology-and-behavior/","https://www.sciencedirect.com/science/journal/00319384"
POSI-J-023784,"Personality and Individual Differences",0191-8869,"http://www.elsevier.com/locate/paid","https://www.sciencedirect.com/science/journal/01918869"
POSI-J-023788,"Sleep Medicine",1389-9457,"https://www.journals.elsevier.com/sleep-medicine","https://www.sciencedirect.com/science/journal/13899457"
POSI-J-023792,"Economics Letters",0165-1765,"http://www.elsevier.com/locate/ecolet","https://www.sciencedirect.com/science/journal/01651765"
POSI-J-023796,"Human Pathology",0046-8177,"https://www.journals.elsevier.com/human-pathology","https://www.sciencedirect.com/science/journal/00468177"
POSI-J-023804,"Journal of Business Research",0148-2963,"https://www.journals.elsevier.com/journal-of-business-research","https://www.sciencedirect.com/science/journal/01482963"
POSI-J-023815,"Applied Ergonomics",0003-6870,"https://www.journals.elsevier.com/applied-ergonomics","https://www.sciencedirect.com/science/journal/00036870"
POSI-J-023817,"Fuzzy Sets and Systems",0165-0114,"https://www.journals.elsevier.com/fuzzy-sets-and-systems","https://www.sciencedirect.com/science/journal/01650114"
POSI-J-023828,"Medical Clinics of North America",0025-7125,"https://www.journals.elsevier.com/medical-clinics-of-north-america","https://www.sciencedirect.com/science/journal/00257125"
POSI-J-023833,"Technological Forecasting and Social Change",0040-1625,"https://www.journals.elsevier.com/technological-forecasting-and-social-change","https://www.sciencedirect.com/science/journal/00401625"
POSI-J-023834,"Mathematics and Computers in Simulation",0378-4754,"https://www.journals.elsevier.com/mathematics-and-computers-in-simulation","https://www.sciencedirect.com/science/journal/03784754"
POSI-J-023836,"Journal of Clinical Epidemiology",0895-4356,"https://www.sciencedirect.com/journal/journal-of-clinical-epidemiology","https://www.sciencedirect.com/science/journal/08954356"
POSI-J-023839,"World Development",0305-750X,"http://www.elsevier.com/wps/find/journaldescription.cws_home/386/description#description","https://www.sciencedirect.com/science/journal/0305750X"
POSI-J-023843,"Finance research letters",1544-6123,"https://www.sciencedirect.com/journal/finance-research-letters","https://www.sciencedirect.com/science/journal/15446123"
POSI-J-023844,"Children and Youth Services Review",0190-7409,"https://www.journals.elsevier.com/children-and-youth-services-review","https://www.sciencedirect.com/science/journal/01907409"
POSI-J-023846,"International Journal of Production Economics",0925-5273,"https://www.journals.elsevier.com/international-journal-of-production-economics","https://www.sciencedirect.com/science/journal/09255273"
POSI-J-023849,"Computers in Human Behavior",0747-5632,"https://www.journals.elsevier.com/computers-in-human-behavior","https://www.sciencedirect.com/science/journal/07475632"
POSI-J-023854,"Energy Economics",0140-9883,"http://www.journals.elsevier.com/energy-economics/","https://www.sciencedirect.com/science/journal/01409883"
POSI-J-023855,"Ecological Economics",0921-8009,"http://www.journals.elsevier.com/ecological-economics/","https://www.sciencedirect.com/science/journal/09218009"
POSI-J-023860,"Behaviour Research and Therapy",0005-7967,"https://www.journals.elsevier.com/behaviour-research-and-therapy","https://www.sciencedirect.com/science/journal/00057967"
POSI-J-023863,"Child Abuse & Neglect",0145-2134,"https://www.journals.elsevier.com/child-abuse-and-neglect","https://www.sciencedirect.com/science/journal/01452134"
POSI-J-023864,"Clinical Therapeutics",0149-2918,"https://www.sciencedirect.com/journal/clinical-therapeutics","https://www.sciencedirect.com/science/journal/01492918"
POSI-J-023875,"Cities",0264-2751,"http://www.journals.elsevier.com/cities","https://www.sciencedirect.com/science/journal/02642751"
POSI-J-023877,"Journal of Economic Behavior & Organization",0167-2681,"http://www.elsevier.com/wps/find/journaldescription.cws_home/505559/description","https://www.sciencedirect.com/science/journal/01672681"
POSI-J-023880,"Long Range Planning",0024-6301,"https://www.journals.elsevier.com/long-range-planning","https://www.sciencedirect.com/science/journal/00246301"
POSI-J-023883,"Journal of Orthopaedic Science",0949-2658,"https://www.journals.elsevier.com/journal-of-orthopaedic-science","https://www.sciencedirect.com/science/journal/09492658"
POSI-J-023888,"Journal of Banking & Finance",0378-4266,"http://www.journals.elsevier.com/journal-of-banking-and-finance/","https://www.sciencedirect.com/science/journal/03784266"
POSI-J-023896,"Computers & Education",0360-1315,"https://www.journals.elsevier.com/computers-and-education","https://www.sciencedirect.com/science/journal/03601315"
POSI-J-023902,"Annals of Epidemiology",1047-2797,"http://www.annalsofepidemiology.org/","https://www.sciencedirect.com/science/journal/10472797"
POSI-J-023906,"Economic Modelling",0264-9993,"http://www.journals.elsevier.com/economic-modelling/","https://www.sciencedirect.com/science/journal/02649993"
POSI-J-023907,"Journal of Pragmatics",0378-2166,"http://www.elsevier.com/locate/pragma","https://www.sciencedirect.com/science/journal/03782166"
POSI-J-023912,"Resources Policy",0301-4207,"https://www.sciencedirect.com/journal/resources-policy","https://www.sciencedirect.com/science/journal/03014207"
POSI-J-023913,"Cognition",0010-0277,"https://www.journals.elsevier.com/cognition","https://www.sciencedirect.com/science/journal/00100277"
POSI-J-023916,"Annals of Tourism Research",0160-7383,"https://www.journals.elsevier.com/annals-of-tourism-research","https://www.sciencedirect.com/science/journal/01607383"
POSI-J-023917,"Health Policy",0168-8510,"https://www.journals.elsevier.com/health-policy","https://www.sciencedirect.com/science/journal/01688510"
POSI-J-023920,"Tourism Management",0261-5177,"https://www.journals.elsevier.com/tourism-management","https://www.sciencedirect.com/science/journal/02615177"
POSI-J-023921,"Journal of Econometrics",0304-4076,"http://www.elsevier.com/locate/jeconom","https://www.sciencedirect.com/science/journal/03044076"
POSI-J-023925,"System",0346-251X,"http://www.elsevier.com/wps/find/journaldescription.cws_home/335/description#description","https://www.sciencedirect.com/science/journal/0346251X"
POSI-J-023928,"Journal of Experimental Child Psychology",0022-0965,"https://www.journals.elsevier.com/journal-of-experimental-child-psychology","https://www.sciencedirect.com/science/journal/00220965"
POSI-J-023929,"Journal of Economic Theory",0022-0531,"https://www.sciencedirect.com/journal/journal-of-economic-theory","https://www.sciencedirect.com/science/journal/00220531"
POSI-J-023934,"European Economic Review",0014-2921,"http://www.elsevier.com/wps/find/journaldescription.cws_home/505541/description#description","https://www.sciencedirect.com/science/journal/00142921"
POSI-J-023937,"Geoforum",0016-7185,"http://www.elsevier.com/wps/find/journaldescription.cws_home/344/description#description","https://www.sciencedirect.com/science/journal/00167185"
POSI-J-023938,"Business Horizons",0007-6813,"https://www.journals.elsevier.com/business-horizons","https://www.sciencedirect.com/science/journal/00076813"
POSI-J-023941,"International Journal of Disaster Risk Reduction",2212-4209,"https://www.journals.elsevier.com/international-journal-of-disaster-risk-reduction","https://www.sciencedirect.com/science/journal/22124209"
POSI-J-023943,"Physics Reports",0370-1573,"http://www.journals.elsevier.com/physics-reports/","https://www.sciencedirect.com/science/journal/03701573"
POSI-J-000881,"Journal of the Formosan Medical Association",0929-6646,"https://www.journals.elsevier.com/journal-of-the-formosan-medical-association","https://www.sciencedirect.com/science/journal/09296646"
POSI-J-023945,"Lingua",0024-3841,"http://www.elsevier.com/locate/lingua","https://www.sciencedirect.com/science/journal/00243841"
POSI-J-000900,"International Review of Economics & Finance",1059-0560,"https://www.journals.elsevier.com/international-review-of-economics-and-finance","https://www.sciencedirect.com/science/journal/10590560"
POSI-J-023957,"Journal of Human Evolution",0047-2484,"http://www.journals.elsevier.com/journal-of-human-evolution/","https://www.sciencedirect.com/science/journal/00472484"
POSI-J-023963,"Hormones and Behavior",0018-506X,"http://www.journals.elsevier.com/hormones-and-behavior/","https://www.sciencedirect.com/science/journal/0018506X"
POSI-J-023968,"Teaching and Teacher Education",0742-051X,"https://www.journals.elsevier.com/teaching-and-teacher-education","https://www.sciencedirect.com/science/journal/0742051X"
POSI-J-023973,"Transportation Research Part A Policy and Practice",0965-8564,"https://www.journals.elsevier.com/transportation-research-part-a-policy-and-practice","https://www.sciencedirect.com/science/journal/09658564"
POSI-J-023974,"Infant Behavior and Development",0163-6383,"https://www.journals.elsevier.com/infant-behavior-and-development","https://www.sciencedirect.com/science/journal/01636383"
POSI-J-023984,"Blood",0006-4971,"https://www.sciencedirect.com/journal/blood","https://www.sciencedirect.com/science/journal/00064971"
POSI-J-023988,"Journal of the American College of Cardiology",0735-1097,"https://www.sciencedirect.com/journal/journal-of-the-american-college-of-cardiology","https://www.sciencedirect.com/science/journal/07351097"
POSI-J-023992,"American Journal of Obstetrics and Gynecology",0002-9378,"https://www.sciencedirect.com/journal/american-journal-of-obstetrics-and-gynecology","https://www.sciencedirect.com/science/journal/00029378"
POSI-J-023996,"Annals of Oncology",0923-7534,"https://www.sciencedirect.com/journal/annals-of-oncology","https://www.sciencedirect.com/science/journal/09237534"
POSI-J-024000,"Fertility and Sterility",0015-0282,"https://www.journals.elsevier.com/fertility-and-sterility","https://www.sciencedirect.com/science/journal/00150282"
POSI-J-024004,"Journal of Hepatology",0168-8278,"https://www.journals.elsevier.com/journal-of-hepatology","https://www.sciencedirect.com/science/journal/01688278"
POSI-J-024007,"Journal of Allergy and Clinical Immunology",0091-6749,"https://www.sciencedirect.com/journal/journal-of-allergy-and-clinical-immunology","https://www.sciencedirect.com/science/journal/00916749"
POSI-J-024008,"The American Journal of Cardiology",0002-9149,"https://www.sciencedirect.com/journal/the-american-journal-of-cardiology","https://www.sciencedirect.com/science/journal/00029149"
POSI-J-024012,"Food Chemistry",0308-8146,"http://www.elsevier.com/wps/find/journaldescription.cws_home/405857/description#description","https://www.sciencedirect.com/science/journal/03088146"
POSI-J-024014,"The Journal of Pediatrics",0022-3476,"https://www.sciencedirect.com/journal/the-journal-of-pediatrics","https://www.sciencedirect.com/science/journal/00223476"
POSI-J-024015,"American Journal of Ophthalmology",0002-9394,"https://www.sciencedirect.com/journal/american-journal-of-ophthalmology","https://www.sciencedirect.com/science/journal/00029394"
POSI-J-024018,"Journal of Molecular Structure",0022-2860,"http://www.sciencedirect.com/science/journal/00222860","https://www.sciencedirect.com/science/journal/00222860"
POSI-J-024019,"The Annals of Thoracic Surgery",0003-4975,"http://www.elsevier.com/wps/find/journaldescription.cws_home/505747/description#description","https://www.sciencedirect.com/science/journal/00034975"
POSI-J-000530,"Heliyon",2405-8440,"https://www.sciencedirect.com/journal/heliyon","https://www.sciencedirect.com/science/journal/24058440"
POSI-J-024023,"Journal of Thoracic and Cardiovascular Surgery",0022-5223,"https://www.sciencedirect.com/journal/the-journal-of-thoracic-and-cardiovascular-surgery","https://www.sciencedirect.com/science/journal/00225223"
POSI-J-024024,"American Heart Journal",0002-8703,"https://www.sciencedirect.com/journal/american-heart-journal","https://www.sciencedirect.com/science/journal/00028703"
POSI-J-024025,"The American Journal of Surgery",0002-9610,"https://www.journals.elsevier.com/the-american-journal-of-surgery","https://www.sciencedirect.com/science/journal/00029610"
POSI-J-024028,"International Journal of Cardiology",0167-5273,"http://www.elsevier.com/wps/find/journaldescription.cws_home/506041/description#","https://www.sciencedirect.com/science/journal/01675273"
POSI-J-024029,"Urology",0090-4295,"http://www.elsevier.com/wps/find/journaldescription.cws_home/525053/description","https://www.sciencedirect.com/science/journal/00904295"
POSI-J-024033,"Journal of Pediatric Surgery",0022-3468,"https://www.journals.elsevier.com/journal-of-pediatric-surgery","https://www.sciencedirect.com/science/journal/00223468"
POSI-J-024035,"Atherosclerosis",0021-9150,"http://www.elsevier.com/wps/find/journaldescription.cws_home/522790/description","https://www.sciencedirect.com/science/journal/00219150"
POSI-J-024037,"European Neuropsychopharmacology",0924-977X,"https://www.journals.elsevier.com/european-neuropsychopharmacology","https://www.sciencedirect.com/science/journal/0924977X"
POSI-J-024040,"The American Journal of Medicine",0002-9343,"https://www.sciencedirect.com/journal/the-american-journal-of-medicine","https://www.sciencedirect.com/science/journal/00029343"
POSI-J-024041,"The Journal of the American Dental Association",0002-8177,"https://www.sciencedirect.com/journal/the-journal-of-the-american-dental-association","https://www.sciencedirect.com/science/journal/00028177"
POSI-J-024043,"Inorganica Chimica Acta",0020-1693,"https://www.journals.elsevier.com/inorganica-chimica-acta","https://www.sciencedirect.com/science/journal/00201693"
POSI-J-024052,"Journal of Nutrition",0022-3166,"https://www.sciencedirect.com/journal/the-journal-of-nutrition","https://www.sciencedirect.com/science/journal/00223166"
POSI-J-024054,"British Journal of Anaesthesia",0007-0912,"https://www.sciencedirect.com/journal/british-journal-of-anaesthesia","https://www.sciencedirect.com/science/journal/00070912"
POSI-J-024063,"American Journal of Clinical Nutrition",0002-9165,"https://www.sciencedirect.com/journal/the-american-journal-of-clinical-nutrition","https://www.sciencedirect.com/science/journal/00029165"
POSI-J-024064,"Gynecologic Oncology",0090-8258,"http://www.elsevier.com/wps/find/journaldescription.cws_home/622840/description#description","https://www.sciencedirect.com/science/journal/00908258"
POSI-J-024066,"Journal of Thoracic Oncology",1556-0864,"https://www.journals.elsevier.com/journal-of-thoracic-oncology","https://www.sciencedirect.com/science/journal/15560864"
POSI-J-024069,"Journal of Surgical Research",0022-4804,"https://www.journals.elsevier.com/journal-of-surgical-research","https://www.sciencedirect.com/science/journal/00224804"
POSI-J-024073,"Free Radical Biology and Medicine",0891-5849,"http://www.journals.elsevier.com/free-radical-biology-and-medicine/#description","https://www.sciencedirect.com/science/journal/08915849"
POSI-J-024075,"Lung Cancer",0169-5002,"http://www.elsevier.com/wps/find/journaldescription.cws_home/505953/description#description","https://www.sciencedirect.com/science/journal/01695002"
POSI-J-024078,"European Urology",0302-2838,"https://www.journals.elsevier.com/european-urology","https://www.sciencedirect.com/science/journal/03022838"
POSI-J-024081,"Experimental Cell Research",0014-4827,"http://www.elsevier.com/wps/find/journaldescription.cws_home/622826/description","https://www.sciencedirect.com/science/journal/00144827"
POSI-J-024085,"World Neurosurgery",1878-8750,"https://www.sciencedirect.com/journal/world-neurosurgery","https://www.sciencedirect.com/science/journal/18788750"
POSI-J-024086,"Kidney International",0085-2538,"https://www.sciencedirect.com/journal/kidney-international","https://www.sciencedirect.com/science/journal/00852538"
POSI-J-024088,"American Journal of Kidney Diseases",0272-6386,"https://www.sciencedirect.com/journal/american-journal-of-kidney-diseases","https://www.sciencedirect.com/science/journal/02726386"
POSI-J-024092,"Journal of Molecular and Cellular Cardiology",0022-2828,"https://www.journals.elsevier.com/journal-of-molecular-and-cellular-cardiology","https://www.sciencedirect.com/science/journal/00222828"
POSI-J-024097,"Journal of Affective Disorders",0165-0327,"http://www.journals.elsevier.com/journal-of-affective-disorders/","https://www.sciencedirect.com/science/journal/01650327"
POSI-J-024098,"Journal of Prosthetic Dentistry",0022-3913,"https://www.journals.elsevier.com/journal-of-prosthetic-dentistry","https://www.sciencedirect.com/science/journal/00223913"
POSI-J-024099,"Polyhedron",0277-5387,"http://www.journals.elsevier.com/polyhedron/","https://www.sciencedirect.com/science/journal/02775387"
POSI-J-024101,"Schizophrenia Research",0920-9964,"http://www.elsevier.com/wps/find/journaldescription.cws_home/506091/description","https://www.sciencedirect.com/science/journal/09209964"
POSI-J-024103,"Ophthalmology",0161-6420,"https://www.sciencedirect.com/journal/ophthalmology","https://www.sciencedirect.com/science/journal/01616420"
POSI-J-024113,"Heart Rhythm",1547-5271,"https://www.journals.elsevier.com/heart-rhythm","https://www.sciencedirect.com/science/journal/15475271"
POSI-J-024115,"Osteoarthritis and Cartilage",1063-4584,"http://www.journals.elsevier.com/osteoarthritis-and-cartilage/#description","https://www.sciencedirect.com/science/journal/10634584"
POSI-J-024116,"Digestive and Liver Disease",1590-8658,"https://www.journals.elsevier.com/digestive-and-liver-disease","https://www.sciencedirect.com/science/journal/15908658"
POSI-J-024118,"Injury",0020-1383,"https://www.journals.elsevier.com/injury","https://www.sciencedirect.com/science/journal/00201383"
POSI-J-024120,"Journal of Cardiac Failure",1071-9164,"https://www.journals.elsevier.com/journal-of-cardiac-failure","https://www.sciencedirect.com/science/journal/10719164"
POSI-J-024122,"Thrombosis Research",0049-3848,"https://www.journals.elsevier.com/thrombosis-research","https://www.sciencedirect.com/science/journal/00493848"
POSI-J-000577,"International Journal of Infectious Diseases",1201-9712,"https://www.journals.elsevier.com/international-journal-of-infectious-diseases","https://www.sciencedirect.com/science/journal/12019712"
POSI-J-024136,"Theriogenology",0093-691X,"https://www.journals.elsevier.com/theriogenology","https://www.sciencedirect.com/science/journal/0093691X"
POSI-J-024138,"Arthroscopy The Journal of Arthroscopic and Related Surgery",0749-8063,"https://www.sciencedirect.com/journal/arthroscopy-the-journal-of-arthroscopic-and-related-surgery","https://www.sciencedirect.com/science/journal/07498063"
POSI-J-024141,"The American Journal of Emergency Medicine",0735-6757,"http://www.journals.elsevierhealth.com/periodicals/yajem","https://www.sciencedirect.com/science/journal/07356757"
POSI-J-024143,"Food and Chemical Toxicology",0278-6915,"https://www.journals.elsevier.com/food-and-chemical-toxicology","https://www.sciencedirect.com/science/journal/02786915"
POSI-J-024144,"Clinical Radiology",0009-9260,"https://www.journals.elsevier.com/clinical-radiology","https://www.sciencedirect.com/science/journal/00099260"
POSI-J-024156,"The Spine Journal",1529-9430,"https://www.sciencedirect.com/journal/the-spine-journal","https://www.sciencedirect.com/science/journal/15299430"
POSI-J-024160,"Clinical Nutrition",0261-5614,"https://www.journals.elsevier.com/clinical-nutrition","https://www.sciencedirect.com/science/journal/02615614"
POSI-J-024164,"Resuscitation",0300-9572,"https://www.journals.elsevier.com/resuscitation","https://www.sciencedirect.com/science/journal/03009572"
POSI-J-024168,"The Journal of Arthroplasty",0883-5403,"https://www.journals.elsevier.com/journal-of-arthroplasty","https://www.sciencedirect.com/science/journal/08835403"
POSI-J-024176,"The Journal Of Hand Surgery",0363-5023,"https://www.journals.elsevier.com/the-journal-of-hand-surgery","https://www.sciencedirect.com/science/journal/03635023"
POSI-J-024178,"Archives de Pédiatrie",0929-693X,"https://www.journals.elsevier.com/archives-de-pediatrie","https://www.sciencedirect.com/science/journal/0929693X"
POSI-J-024179,"Diabetes Research and Clinical Practice",0168-8227,"https://www.journals.elsevier.com/diabetes-research-and-clinical-practice","https://www.sciencedirect.com/science/journal/01688227"
POSI-J-024181,"Neurobiology of Aging",0197-4580,"https://www.journals.elsevier.com/neurobiology-of-aging","https://www.sciencedirect.com/science/journal/01974580"
POSI-J-024182,"American Journal of Infection Control",0196-6553,"https://www.journals.elsevier.com/american-journal-of-infection-control","https://www.sciencedirect.com/science/journal/01966553"
POSI-J-024189,"Journal of Cardiothoracic and Vascular Anesthesia",1053-0770,"https://www.journals.elsevier.com/journal-of-cardiothoracic-and-vascular-anesthesia","https://www.sciencedirect.com/science/journal/10530770"
POSI-J-024191,"Psychiatry Research",0165-1781,"https://www.journals.elsevier.com/psychiatry-research","https://www.sciencedirect.com/science/journal/01651781"
POSI-J-024193,"American Journal of Orthodontics and Dentofacial Orthopedics",0889-5406,"http://www.elsevier.com/wps/find/journaldescription.cws_home/623219/description#description","https://www.sciencedirect.com/science/journal/08895406"
POSI-J-024196,"Surgery",0039-6060,"https://www.journals.elsevier.com/surgery","https://www.sciencedirect.com/science/journal/00396060"
POSI-J-024201,"Metabolism",0026-0495,"https://www.journals.elsevier.com/metabolism","https://www.sciencedirect.com/science/journal/00260495"
POSI-J-024203,"Molecular Immunology",0161-5890,"http://www.elsevier.com/locate/molimm","https://www.sciencedirect.com/science/journal/01615890"