title,publisher,legacy_ids,candidate_entities,verdict,reason,issn_ls
"journal of arthropod-borne diseases","tehran university of medical sciences","j-disc-journal-of-arthropod-bor;j-disc-issn-1735-7179","CAND-000450;CAND-023101",confirmed_same,"all candidate entities resolve to the same OpenAlex issn_l (1735-7179)","CAND-000450:1735-7179|CAND-023101:1735-7179"
"archives of gynecology and obstetrics","springer science+business media","j-disc-issn-0932-0067;j-disc-issn-0003-9128","CAND-000562;CAND-022884",confirmed_same,"all candidate entities resolve to the same OpenAlex issn_l (0003-9128)","CAND-000562:0003-9128|CAND-022884:0003-9128"
"genome biology","biomed central","j-disc-issn-1474-7596;j-disc-issn-1465-6906","CAND-000874;CAND-022888",confirmed_same,"all candidate entities resolve to the same OpenAlex issn_l (1465-6906)","CAND-000874:1465-6906|CAND-022888:1465-6906"
"asian journal of medical sciences","progressive sustainable developers nepal","j-disc-issn-2091-0576;j-disc-issn-2467-9100","CAND-001061;CAND-021127",confirmed_same,"all candidate entities resolve to the same OpenAlex issn_l (2091-0576)","CAND-001061:2091-0576|CAND-021127:2091-0576"
"eurasip journal on advances in signal processing","springer science+business media","j-disc-issn-1687-6172;j-disc-issn-1110-8657","CAND-001075;CAND-022892",confirmed_same,"all candidate entities resolve to the same OpenAlex issn_l (1110-8657)","CAND-001075:1110-8657|CAND-022892:1110-8657"
"brazilian oral research","brazilian society of dental research","j-disc-issn-1806-8324;j-disc-issn-1517-7491","CAND-001249;CAND-022897",confirmed_same,"all candidate entities resolve to the same OpenAlex issn_l (1517-7491)","CAND-001249:1517-7491|CAND-022897:1517-7491"
"open medicine","de gruyter open","j-disc-issn-2391-5463;j-disc-issn-1895-1058","CAND-001497;CAND-022908",confirmed_same,"all candidate entities resolve to the same OpenAlex issn_l (1895-1058)","CAND-001497:1895-1058|CAND-022908:1895-1058"
"clinical and experimental hypertension","informa","j-disc-issn-1064-1963;j-disc-issn-0148-3927","CAND-001520;CAND-022891",confirmed_same,"all candidate entities resolve to the same OpenAlex issn_l (0148-3927)","CAND-001520:0148-3927|CAND-022891:0148-3927"
"american journal of islam and society","international institute of islamic thought","j-disc-issn-2690-3733;j-disc-issn-0887-7653","CAND-001556;CAND-022905",confirmed_same,"all candidate entities resolve to the same OpenAlex issn_l (0887-7653)","CAND-001556:0887-7653|CAND-022905:0887-7653"
"hydrology research","iwa publishing","j-disc-issn-1998-9563;j-disc-issn-0029-1277","CAND-001689;CAND-022914",confirmed_same,"all candidate entities resolve to the same OpenAlex issn_l (0029-1277)","CAND-001689:0029-1277|CAND-022914:0029-1277"
"open life sciences","de gruyter open","j-disc-issn-2391-5412;j-disc-issn-1895-104X","CAND-001749;CAND-022915",confirmed_same,"all candidate entities resolve to the same OpenAlex issn_l (1895-104X)","CAND-001749:1895-104X|CAND-022915:1895-104X"
"open mathematics","de gruyter open","j-disc-issn-2391-5455;j-disc-issn-1644-3616","CAND-001763;CAND-022913",confirmed_same,"all candidate entities resolve to the same OpenAlex issn_l (1644-3616)","CAND-001763:1644-3616|CAND-022913:1644-3616"
"the anatolian journal of cardiology","kare publishing","j-disc-issn-2149-2263;j-disc-issn-1302-8723","CAND-001804;CAND-022900",confirmed_same,"all candidate entities resolve to the same OpenAlex issn_l (1302-8723)","CAND-001804:1302-8723|CAND-022900:1302-8723"
"comptes rendus mécanique","elsevier bv","j-disc-issn-1873-7234;j-disc-issn-1631-0721","CAND-001874;CAND-020176",confirmed_same,"all candidate entities resolve to the same OpenAlex issn_l (1873-7234)","CAND-001874:1873-7234|CAND-020176:1873-7234"
"international journal of technology","university of indonesia","j-disc-issn-2087-2100;j-disc-issn-2086-9614","CAND-001999;CAND-020937",confirmed_same,"all candidate entities resolve to the same OpenAlex issn_l (2087-2100)","CAND-001999:2087-2100|CAND-020937:2087-2100"
"communications - scientific letters of the university of zilina","university of zulia","j-disc-issn-2585-7878;j-disc-issn-1335-4205","CAND-002014;CAND-020975",confirmed_same,"all candidate entities resolve to the same OpenAlex issn_l (1335-4205)","CAND-002014:1335-4205|CAND-020975:1335-4205"
"communication & society","university of navarre","j-disc-issn-2386-7876;j-disc-issn-0214-0039","CAND-002210;CAND-022910",confirmed_same,"all candidate entities resolve to the same OpenAlex issn_l (0214-0039)","CAND-002210:0214-0039|CAND-022910:0214-0039"
"american journal of alzheimer s disease & other dementias®","sage publishing","j-disc-issn-1533-3175;j-disc-issn-0888-4897","CAND-002244;CAND-022911",confirmed_same,"all candidate entities resolve to the same OpenAlex issn_l (0888-4897)","CAND-002244:0888-4897|CAND-022911:0888-4897"
"juntendo medical journal","the juntendo medical society","j-disc-issn-2187-9737;j-disc-issn-2759-7504","CAND-002348;CAND-022373",confirmed_same,"all candidate entities resolve to the same OpenAlex issn_l (0022-6769)","CAND-002348:0022-6769|CAND-022373:0022-6769"
"nordic journal of nursing research","sage publishing","j-disc-issn-2057-1585;j-disc-issn-0107-4083","CAND-002359;CAND-022928",confirmed_same,"all candidate entities resolve to the same OpenAlex issn_l (0107-4083)","CAND-002359:0107-4083|CAND-022928:0107-4083"
"open geosciences","de gruyter open","j-disc-issn-2391-5447;j-disc-issn-1896-1517","CAND-002650;CAND-022935",confirmed_same,"all candidate entities resolve to the same OpenAlex issn_l (1896-1517)","CAND-002650:1896-1517|CAND-022935:1896-1517"
"revista univap","university do vale do paraíba","j-disc-issn-2237-1753;j-disc-issn-1517-3275","CAND-002774;CAND-020944",confirmed_same,"all candidate entities resolve to the same OpenAlex issn_l (1517-3275)","CAND-002774:1517-3275|CAND-020944:1517-3275"
"online learning","online learning consortium","j-disc-issn-2472-5730;j-disc-issn-1092-8235","CAND-002825;CAND-022939",confirmed_same,"all candidate entities resolve to the same OpenAlex issn_l (1092-8235)","CAND-002825:1092-8235|CAND-022939:1092-8235"
"technological and economic development of economy","vilnius gediminas technical university","j-disc-issn-2029-4913;j-disc-issn-1392-8619","CAND-002855;CAND-022942",confirmed_same,"all candidate entities resolve to the same OpenAlex issn_l (1392-8619)","CAND-002855:1392-8619|CAND-022942:1392-8619"
"revista de estudios e investigación en psicología y educación","university of a coruña","j-disc-issn-2386-7418;j-disc-issn-1138-1663","CAND-002903;CAND-022944",confirmed_same,"all candidate entities resolve to the same OpenAlex issn_l (1138-1663)","CAND-002903:1138-1663|CAND-022944:1138-1663"
"open engineering","de gruyter","j-disc-issn-2391-5439;j-disc-issn-2081-9927","CAND-002991;CAND-022945",confirmed_same,"all candidate entities resolve to the same OpenAlex issn_l (2081-9927)","CAND-002991:2081-9927|CAND-022945:2081-9927"
"korean journal of medical education","korean society of medical education","j-disc-issn-2005-727X;j-disc-issn-1225-8067","CAND-003074;CAND-022947",confirmed_same,"all candidate entities resolve to the same OpenAlex issn_l (1225-8067)","CAND-003074:1225-8067|CAND-022947:1225-8067"
"public health genomics","karger publishers","j-disc-issn-1662-4246;j-disc-issn-1422-2795","CAND-003132;CAND-022946",confirmed_same,"all candidate entities resolve to the same OpenAlex issn_l (1422-2795)","CAND-003132:1422-2795|CAND-022946:1422-2795"
"vavilov journal of genetics and breeding","institute of cytology and genetics","j-disc-issn-2500-0462;j-disc-issn-1814-554X","CAND-003184;CAND-022933",confirmed_same,"all candidate entities resolve to the same OpenAlex issn_l (1814-554X)","CAND-003184:1814-554X|CAND-022933:1814-554X"
"cadernos brasileiros de terapia ocupacional","universidade federal de são carlos","j-disc-issn-2526-8910;j-disc-issn-0104-4931","CAND-003224;CAND-022929",confirmed_same,"all candidate entities resolve to the same OpenAlex issn_l (0104-4931)","CAND-003224:0104-4931|CAND-022929:0104-4931"
"renewable agriculture and food systems","cambridge university press","j-disc-issn-1742-1705;j-disc-issn-0889-1893","CAND-003441;CAND-022919",confirmed_same,"all candidate entities resolve to the same OpenAlex issn_l (0889-1893)","CAND-003441:0889-1893|CAND-022919:0889-1893"
"international journal of sustainable energy","taylor & francis","j-disc-issn-1478-6451;j-disc-issn-0142-5919","CAND-003503;CAND-022932",confirmed_same,"all candidate entities resolve to the same OpenAlex issn_l (0142-5919)","CAND-003503:0142-5919|CAND-022932:0142-5919"
"chinese journal of population resources and environment","elsevier bv","j-disc-issn-2096-9589;j-disc-issn-1004-2857","CAND-003674;CAND-022895",confirmed_same,"all candidate entities resolve to the same OpenAlex issn_l (1004-2857)","CAND-003674:1004-2857|CAND-022895:1004-2857"
"ge portuguese journal of gastroenterology","karger publishers","j-disc-issn-2341-4545;j-disc-issn-0872-8178","CAND-003684;CAND-022954",confirmed_same,"all candidate entities resolve to the same OpenAlex issn_l (0872-8178)","CAND-003684:0872-8178|CAND-022954:0872-8178"
"farmacéuticos comunitarios","sefac","j-disc-issn-2173-9218;j-disc-issn-1885-8619","CAND-003701;CAND-020780",confirmed_same,"all candidate entities resolve to the same OpenAlex issn_l (1885-8619)","CAND-003701:1885-8619|CAND-020780:1885-8619"
"journal of electromagnetic engineering and science","the korean institute of electromagnetic engineering and science","j-disc-issn-2234-8395;j-disc-issn-2671-7255","CAND-004264;CAND-007524",confirmed_same,"all candidate entities resolve to the same OpenAlex issn_l (2234-8395)","CAND-004264:2234-8395|CAND-007524:2234-8395"
"journal of pathology and translational medicine","korean society of pathologists & the korean society for cytopathology","j-disc-issn-2383-7837;j-disc-issn-1738-1843","CAND-004391;CAND-022934",confirmed_same,"all candidate entities resolve to the same OpenAlex issn_l (1738-1843)","CAND-004391:1738-1843|CAND-022934:1738-1843"
"inflammation and regeneration","biomed central","j-disc-issn-1880-8190;j-disc-issn-1346-8022","CAND-004460;CAND-022961",confirmed_same,"all candidate entities resolve to the same OpenAlex issn_l (1346-8022)","CAND-004460:1346-8022|CAND-022961:1346-8022"
"saúde (santa maria)","universidade federal de santa maria","j-disc-issn-2236-5834;j-disc-issn-0103-4499","CAND-004511;CAND-021051",confirmed_same,"all candidate entities resolve to the same OpenAlex issn_l (0103-4499)","CAND-004511:0103-4499|CAND-021051:0103-4499"
"neobiota","pensoft publishers","j-disc-issn-1314-2488;j-disc-issn-1619-0033","CAND-004546;CAND-021054",confirmed_same,"all candidate entities resolve to the same OpenAlex issn_l (1314-2488)","CAND-004546:1314-2488|CAND-021054:1314-2488"
"education in the knowledge society (eks)","ediciones universidad de salamanca","j-disc-issn-2444-8729;j-disc-issn-1138-9737","CAND-004593;CAND-020907",confirmed_same,"all candidate entities resolve to the same OpenAlex issn_l (1138-9737)","CAND-004593:1138-9737|CAND-020907:1138-9737"
"clinical diabetology","via medica","j-disc-issn-2450-7458;j-disc-issn-2299-2529","CAND-004646;CAND-022978",confirmed_same,"all candidate entities resolve to the same OpenAlex issn_l (2299-2529)","CAND-004646:2299-2529|CAND-022978:2299-2529"
"biogeographia – the journal of integrative biogeography","escholarship publishing, university of california","j-disc-issn-1594-7629;j-disc-issn-2475-5257","CAND-004735;CAND-016225",confirmed_same,"all candidate entities resolve to the same OpenAlex issn_l (1594-7629)","CAND-004735:1594-7629|CAND-016225:1594-7629"
"educación física y deporte","universidad de antioquia","j-disc-issn-2145-5880;j-disc-issn-0120-677X","CAND-004858;CAND-020578",confirmed_same,"all candidate entities resolve to the same OpenAlex issn_l (0120-677X)","CAND-004858:0120-677X|CAND-020578:0120-677X"
"cahiers de narratologie","laboratoire interdisciplinaire récits cultures et sociétés","j-disc-issn-1765-307X;j-disc-issn-0993-8516","CAND-005084;CAND-020942",confirmed_same,"all candidate entities resolve to the same OpenAlex issn_l (1765-307X)","CAND-005084:1765-307X|CAND-020942:1765-307X"
"annals of child neurology","annals of child neurology","j-disc-issn-2635-909X;j-disc-issn-1226-6884","CAND-005273;CAND-022972",confirmed_same,"all candidate entities resolve to the same OpenAlex issn_l (1226-6884)","CAND-005273:1226-6884|CAND-022972:1226-6884"
"ankara medical journal","yıldırım beyazıt university","j-disc-issn-2148-4570;j-disc-issn-1303-2283","CAND-005338;CAND-020982",confirmed_same,"all candidate entities resolve to the same OpenAlex issn_l (1303-2283)","CAND-005338:1303-2283|CAND-020982:1303-2283"
"philippine journal of otolaryngology head and neck surgery","philippine society of otolaryngology-head and neck surgery, inc.","j-disc-issn-2094-1501;j-disc-issn-1908-4889","CAND-005441;CAND-019221",confirmed_same,"all candidate entities resolve to the same OpenAlex issn_l (1908-4889)","CAND-005441:1908-4889|CAND-019221:1908-4889"
"journal of applied biomaterials & functional materials","sage publishing","j-disc-issn-2280-8000;j-disc-issn-1722-6899","CAND-005838;CAND-022987",confirmed_same,"all candidate entities resolve to the same OpenAlex issn_l (1722-6899)","CAND-005838:1722-6899|CAND-022987:1722-6899"
"mimbar hukum - fakultas hukum universitas gadjah mada","gadjah mada university","j-disc-issn-2443-0994;j-disc-issn-0852-100X","CAND-005995;CAND-020920",confirmed_same,"all candidate entities resolve to the same OpenAlex issn_l (2443-0994)","CAND-005995:2443-0994|CAND-020920:2443-0994"
"ecosystem health and sustainability","taylor & francis","j-disc-issn-2332-8878;j-disc-issn-2096-4129","CAND-006038;CAND-021029",confirmed_same,"all candidate entities resolve to the same OpenAlex issn_l (2096-4129)","CAND-006038:2096-4129|CAND-021029:2096-4129"
"physical education of students","h.s. skovoroda kharkov national pedagogical university","j-disc-issn-2308-7250;j-disc-issn-2075-5279","CAND-006067;CAND-022991",confirmed_same,"all candidate entities resolve to the same OpenAlex issn_l (2075-5279)","CAND-006067:2075-5279|CAND-022991:2075-5279"
"journal of physical education","universidade estadual de maringá","j-disc-issn-2448-2455;j-disc-issn-0103-3948","CAND-006218;CAND-006969",confirmed_same,"all candidate entities resolve to the same OpenAlex issn_l (0103-3948)","CAND-006218:0103-3948|CAND-006969:0103-3948"
"psychological-educational studies","moscow state university of psychology and education","j-disc-issn-2587-6139;j-disc-issn-2074-5885","CAND-006285;CAND-021157",confirmed_distinct,"candidate entities resolve to different OpenAlex issn_l values (2587-6139, 2074-5885)","CAND-006285:2587-6139|CAND-021157:2074-5885"
"revista ciencias de la salud","universidad colegio mayor nuestra señora del rosario","j-disc-issn-2145-4507;j-disc-issn-1692-7273","CAND-006295;CAND-020940",confirmed_same,"all candidate entities resolve to the same OpenAlex issn_l (1692-7273)","CAND-006295:1692-7273|CAND-020940:1692-7273"
"eurasian journal of emergency medicine","galenos yayinevi","j-disc-issn-2149-5807;j-disc-issn-1305-760X","CAND-006384;CAND-022969",confirmed_same,"all candidate entities resolve to the same OpenAlex issn_l (1305-760X)","CAND-006384:1305-760X|CAND-022969:1305-760X"
"humanis","udayana university","j-disc-issn-2302-920X;j-disc-issn-2528-5076","CAND-006386;CAND-021118",confirmed_same,"all candidate entities resolve to the same OpenAlex issn_l (2302-920X)","CAND-006386:2302-920X|CAND-021118:2302-920X"
"litera","state university of yogyakarta","j-disc-issn-2460-8319;j-disc-issn-1412-2596","CAND-006401;CAND-021083",confirmed_same,"all candidate entities resolve to the same OpenAlex issn_l (1412-2596)","CAND-006401:1412-2596|CAND-021083:1412-2596"
"i̇stanbul medical journal","galenos yayinevi","j-disc-issn-2148-094X;j-disc-issn-2619-9793","CAND-006870;CAND-021126",confirmed_same,"all candidate entities resolve to the same OpenAlex issn_l (1304-8503)","CAND-006870:1304-8503|CAND-021126:1304-8503"
"journal of architecture and urbanism","vilnius gediminas technical university","j-disc-issn-2029-7947;j-disc-issn-1392-1630","CAND-007044;CAND-023017",confirmed_same,"all candidate entities resolve to the same OpenAlex issn_l (1392-1630)","CAND-007044:1392-1630|CAND-023017:1392-1630"
"fossil record","wiley","j-disc-issn-2193-0066;j-disc-issn-1860-1014","CAND-007363;CAND-022984",confirmed_same,"all candidate entities resolve to the same OpenAlex issn_l (1860-1014)","CAND-007363:1860-1014|CAND-022984:1860-1014"
"galician medical journal","ivano-frankivsk national medical university","j-disc-issn-2414-1518;j-disc-issn-2306-4285","CAND-007510;CAND-020958",confirmed_same,"all candidate entities resolve to the same OpenAlex issn_l (2306-4285)","CAND-007510:2306-4285|CAND-020958:2306-4285"
"espiral estudios sobre estado y sociedad","university of guadalajara","j-disc-issn-2594-021X;j-disc-issn-1665-0565","CAND-007658;CAND-020906",confirmed_same,"all candidate entities resolve to the same OpenAlex issn_l (2594-021X)","CAND-007658:2594-021X|CAND-020906:2594-021X"
"abei journal","university of são paulo","j-disc-issn-2595-8127;j-disc-issn-1518-0581","CAND-007701;CAND-021077",confirmed_same,"all candidate entities resolve to the same OpenAlex issn_l (2595-8127)","CAND-007701:2595-8127|CAND-021077:2595-8127"
"jupiis jurnal pendidikan ilmu-ilmu sosial","state university of medan","j-disc-issn-2407-7429;j-disc-issn-2085-482X","CAND-007912;CAND-021025",confirmed_same,"all candidate entities resolve to the same OpenAlex issn_l (2085-482X)","CAND-007912:2085-482X|CAND-021025:2085-482X"
"jurnal teknik industri","petra christian university","j-disc-issn-1978-1431;j-disc-issn-1411-2485","CAND-007989;CAND-008668",confirmed_distinct,"candidate entities resolve to different OpenAlex issn_l values (1978-1431, 1411-2485)","CAND-007989:1978-1431|CAND-008668:1411-2485"
"kembara journal of scientific language literature and teaching","muhammadiyah university of malang","j-disc-issn-2442-9287;j-disc-issn-2442-7632","CAND-008008;CAND-021005",confirmed_same,"all candidate entities resolve to the same OpenAlex issn_l (2442-9287)","CAND-008008:2442-9287|CAND-021005:2442-9287"
"revista filosófica de coimbra","coimbra university press","j-disc-issn-0872-0851;j-disc-issn-2184-7584","CAND-008101;CAND-013800",confirmed_same,"all candidate entities resolve to the same OpenAlex issn_l (0872-0851)","CAND-008101:0872-0851|CAND-013800:0872-0851"
"la colmena","universidad autónoma del estado de méxico","j-disc-issn-2448-6302;j-disc-issn-1405-6313","CAND-008139;CAND-020911",confirmed_same,"all candidate entities resolve to the same OpenAlex issn_l (2448-6302)","CAND-008139:2448-6302|CAND-020911:2448-6302"
"revista de estudos literários","coimbra university press","j-disc-issn-2183-847X;j-disc-issn-2182-1526","CAND-008317;CAND-020133",confirmed_same,"all candidate entities resolve to the same OpenAlex issn_l (2182-1526)","CAND-008317:2182-1526|CAND-020133:2182-1526"
"pedagogics psychology medical-biological problems of physical training and sports","h.s. skovoroda kharkov national pedagogical university","j-disc-issn-2308-7269;j-disc-issn-1818-9172","CAND-008395;CAND-020912",confirmed_same,"all candidate entities resolve to the same OpenAlex issn_l (1818-9172)","CAND-008395:1818-9172|CAND-020912:1818-9172"
"edutech","indonesia university of education","j-disc-issn-2502-0781;j-disc-issn-0852-1190","CAND-008421;CAND-021089",confirmed_same,"all candidate entities resolve to the same OpenAlex issn_l (0852-1190)","CAND-008421:0852-1190|CAND-021089:0852-1190"
"encounters in theory and history of education","queen's university","j-disc-issn-2560-8371;j-disc-issn-1494-4936","CAND-008474;CAND-014076",confirmed_same,"all candidate entities resolve to the same OpenAlex issn_l (1494-4936)","CAND-008474:1494-4936|CAND-014076:1494-4936"
"journal of techniques","middle east technical university","j-disc-issn-2708-8383;j-disc-issn-1818-653X","CAND-008523;CAND-021032",confirmed_same,"all candidate entities resolve to the same OpenAlex issn_l (1818-653X)","CAND-008523:1818-653X|CAND-021032:1818-653X"
"science editing","korean council of science editors","j-disc-issn-2288-7474;j-disc-issn-2287-7835","CAND-008617;CAND-023051",confirmed_same,"all candidate entities resolve to the same OpenAlex issn_l (2287-7835)","CAND-008617:2287-7835|CAND-023051:2287-7835"
"nordic journal of digital literacy","universitetsforlaget","j-disc-issn-1891-943X;j-disc-issn-0809-6724","CAND-008639;CAND-023064",confirmed_same,"all candidate entities resolve to the same OpenAlex issn_l (0809-6724)","CAND-008639:0809-6724|CAND-023064:0809-6724"
"the pan-american journal of ophthalmology","medknow","j-disc-issn-2666-4909;j-disc-issn-2219-4665","CAND-008663;CAND-019184",confirmed_distinct,"candidate entities resolve to different OpenAlex issn_l values (2666-4909, 2219-4665)","CAND-008663:2666-4909|CAND-019184:2219-4665"
"istanbul journal of pharmacy","istanbul university","j-disc-issn-2548-0731;j-disc-issn-0367-7524","CAND-008672;CAND-023013",confirmed_same,"all candidate entities resolve to the same OpenAlex issn_l (0367-7524)","CAND-008672:0367-7524|CAND-023013:0367-7524"
"european oral research","istanbul university","j-disc-issn-2630-6158;j-disc-issn-0257-8212","CAND-008701;CAND-023054",confirmed_same,"all candidate entities resolve to the same OpenAlex issn_l (0257-8212)","CAND-008701:0257-8212|CAND-023054:0257-8212"
"scientific annals of economics and business","de gruyter open","j-disc-issn-2501-1960;j-disc-issn-0379-7864","CAND-008837;CAND-023023",confirmed_same,"all candidate entities resolve to the same OpenAlex issn_l (0379-7864)","CAND-008837:0379-7864|CAND-023023:0379-7864"
"jurnal manajemen","tarumanagara university","j-disc-issn-1410-3583;j-disc-issn-2301-4628","CAND-008983;CAND-010341",confirmed_distinct,"candidate entities resolve to different OpenAlex issn_l values (1410-3583, 2086-7840)","CAND-008983:1410-3583|CAND-010341:2086-7840"
"international journal of e-learning & distance education","athabasca university press","j-disc-issn-2292-8588;j-disc-issn-0830-0445","CAND-009312;CAND-023075",confirmed_same,"all candidate entities resolve to the same OpenAlex issn_l (0830-0445)","CAND-009312:0830-0445|CAND-023075:0830-0445"
"artcultura","federal university of uberlândia","j-disc-issn-2178-3845;j-disc-issn-1516-8603","CAND-009421;CAND-021002",confirmed_same,"all candidate entities resolve to the same OpenAlex issn_l (1516-8603)","CAND-009421:1516-8603|CAND-021002:1516-8603"
"lifestyle genomics","karger publishers","j-disc-issn-2504-3161;j-disc-issn-1661-6499","CAND-009461;CAND-023029",confirmed_same,"all candidate entities resolve to the same OpenAlex issn_l (1661-6499)","CAND-009461:1661-6499|CAND-023029:1661-6499"
"russian journal of linguistics","peoples' friendship university of russia","j-disc-issn-2686-8024;j-disc-issn-2312-9182","CAND-009491;CAND-013649",confirmed_same,"all candidate entities resolve to the same OpenAlex issn_l (2312-9182)","CAND-009491:2312-9182|CAND-013649:2312-9182"
"journal of education","academy of science of south africa","j-disc-issn-2520-9868;j-disc-issn-0259-479X","CAND-009851;CAND-020995",confirmed_same,"all candidate entities resolve to the same OpenAlex issn_l (0259-479X)","CAND-009851:0259-479X|CAND-020995:0259-479X"
"psicogente","universidad simón bolívar","j-disc-issn-2027-212X;j-disc-issn-0124-0137","CAND-010264;CAND-020462",confirmed_same,"all candidate entities resolve to the same OpenAlex issn_l (0124-0137)","CAND-010264:0124-0137|CAND-020462:0124-0137"
"andharupa jurnal desain komunikasi visual & multimedia","nuswantoro dian university","j-disc-issn-2477-3913;j-disc-issn-2477-2852","CAND-010293;CAND-020924",confirmed_same,"all candidate entities resolve to the same OpenAlex issn_l (2477-2852)","CAND-010293:2477-2852|CAND-020924:2477-2852"
"european journal of management issues","oles honchar dnipro national university","j-disc-issn-2519-8564;j-disc-issn-2409-7101","CAND-010324;CAND-023098",confirmed_same,"all candidate entities resolve to the same OpenAlex issn_l (2409-7101)","CAND-010324:2409-7101|CAND-023098:2409-7101"
"jurnal prima edukasia","state university of yogyakarta","j-disc-issn-2460-9927;j-disc-issn-2338-4743","CAND-010576;CAND-020954",confirmed_same,"all candidate entities resolve to the same OpenAlex issn_l (2460-9927)","CAND-010576:2460-9927|CAND-020954:2460-9927"
"revista latinoamericana de población","asociación latinoamericana de población","j-disc-issn-2393-6401;j-disc-issn-2175-8581","CAND-010577;CAND-020899",confirmed_same,"all candidate entities resolve to the same OpenAlex issn_l (2175-8581)","CAND-010577:2175-8581|CAND-020899:2175-8581"
"informaatiotutkimus","informaatiotutkimuksen yhdistys ity","j-disc-issn-1797-9129;j-disc-issn-1797-9137","CAND-010593;CAND-020991",confirmed_same,"all candidate entities resolve to the same OpenAlex issn_l (1797-9129)","CAND-010593:1797-9129|CAND-020991:1797-9129"
"revista prâksis","universidade feevale","j-disc-issn-2448-1939;j-disc-issn-1807-1112","CAND-010630;CAND-021013",confirmed_same,"all candidate entities resolve to the same OpenAlex issn_l (1807-1112)","CAND-010630:1807-1112|CAND-021013:1807-1112"
"etkileşim","üsküdar university","j-disc-issn-2636-8242;j-disc-issn-2636-7955","CAND-010792;CAND-021046",confirmed_same,"all candidate entities resolve to the same OpenAlex issn_l (2636-7955)","CAND-010792:2636-7955|CAND-021046:2636-7955"
"current journal of neurology","knowledge e","j-disc-issn-2717-011X;j-disc-issn-2008-384X","CAND-010810;CAND-023106",confirmed_same,"all candidate entities resolve to the same OpenAlex issn_l (2008-384X)","CAND-010810:2008-384X|CAND-023106:2008-384X"
"acta colombiana de psicología","catholic university of colombia","j-disc-issn-1909-9711;j-disc-issn-0123-9155","CAND-010913;CAND-017300",confirmed_same,"all candidate entities resolve to the same OpenAlex issn_l (0123-9155)","CAND-010913:0123-9155|CAND-017300:0123-9155"
"natural history sciences","pagepress (italy)","j-disc-issn-2385-0442;j-disc-issn-0037-8844","CAND-010981;CAND-023107",confirmed_same,"all candidate entities resolve to the same OpenAlex issn_l (0037-8844)","CAND-010981:0037-8844|CAND-023107:0037-8844"
"periodica polytechnica architecture","budapest university of technology and economics","j-disc-issn-1789-3437;j-disc-issn-0324-590X","CAND-011023;CAND-021058",confirmed_same,"all candidate entities resolve to the same OpenAlex issn_l (0324-590X)","CAND-011023:0324-590X|CAND-021058:0324-590X"
"anales de investigación en arquitectura","universidad ort uruguay","j-disc-issn-2301-1505;j-disc-issn-1688-8766","CAND-011035;CAND-023114",confirmed_same,"all candidate entities resolve to the same OpenAlex issn_l (1688-8766)","CAND-011035:1688-8766|CAND-023114:1688-8766"
"medical technology and public health journal","universitas nahdlatul ulama surabaya","j-disc-issn-2549-2993;j-disc-issn-2549-189X","CAND-011067;CAND-021044",confirmed_same,"all candidate entities resolve to the same OpenAlex issn_l (2549-189X)","CAND-011067:2549-189X|CAND-021044:2549-189X"
"journal of economy culture and society","istanbul university","j-disc-issn-2645-8772;j-disc-issn-2602-2656","CAND-011147;CAND-020435",confirmed_same,"all candidate entities resolve to the same OpenAlex issn_l (2602-2656)","CAND-011147:2602-2656|CAND-020435:2602-2656"
"türk dili ve edebiyatı dergisi / journal of turkish language and literature","istanbul university","j-disc-issn-2602-2648;j-disc-issn-1015-2091","CAND-011249;CAND-020166",confirmed_same,"all candidate entities resolve to the same OpenAlex issn_l (1015-2091)","CAND-011249:1015-2091|CAND-020166:1015-2091"
"media statistika","diponegoro university","j-disc-issn-2477-0647;j-disc-issn-1979-3693","CAND-011466;CAND-021085",confirmed_same,"all candidate entities resolve to the same OpenAlex issn_l (1979-3693)","CAND-011466:1979-3693|CAND-021085:1979-3693"
"berkala kedokteran","lambung mangkurat university","j-disc-issn-2338-2198;j-disc-issn-1412-0550","CAND-011596;CAND-021116",confirmed_same,"all candidate entities resolve to the same OpenAlex issn_l (1412-0550)","CAND-011596:1412-0550|CAND-021116:1412-0550"
"justisi","universitas muhammadiyah sidoarjo","j-disc-issn-2686-0821;j-disc-issn-1979-7532","CAND-011835;CAND-021076",confirmed_same,"all candidate entities resolve to the same OpenAlex issn_l (2686-0821)","CAND-011835:2686-0821|CAND-021076:2686-0821"
"ultrasound international open","georg thieme verlag","j-disc-issn-2199-7152;j-disc-issn-2509-596X","CAND-011914;CAND-021008",confirmed_same,"all candidate entities resolve to the same OpenAlex issn_l (2199-7152)","CAND-011914:2199-7152|CAND-021008:2199-7152"
"jurnal manajemen dan pelayanan farmasi (journal of management and pharmacy practice)","gadjah mada university","j-disc-issn-2443-2946;j-disc-issn-2088-8139","CAND-012006;CAND-021105",confirmed_same,"all candidate entities resolve to the same OpenAlex issn_l (2088-8139)","CAND-012006:2088-8139|CAND-021105:2088-8139"
"archive of clinical medicine","ivano-frankivsk national medical university","j-disc-issn-2414-9853;j-disc-issn-2312-7007","CAND-012170;CAND-020992",confirmed_same,"all candidate entities resolve to the same OpenAlex issn_l (2312-7007)","CAND-012170:2312-7007|CAND-020992:2312-7007"
"information impact journal of information and knowledge management","african journals online","j-disc-issn-2360-994X;j-disc-issn-2141-4297","CAND-012185;CAND-021071",confirmed_same,"all candidate entities resolve to the same OpenAlex issn_l (2141-4297)","CAND-012185:2141-4297|CAND-021071:2141-4297"
"jurnal pendidikan ilmu sosial","muhammadiyah university press","j-disc-issn-0854-5251;j-disc-issn-1412-3835","CAND-012347;CAND-016013",confirmed_distinct,"candidate entities resolve to different OpenAlex issn_l values (0854-5251, 1412-3835)","CAND-012347:0854-5251|CAND-016013:1412-3835"
"jurnal pendidikan keperawatan indonesia","universitas pendidikan indonesia press","j-disc-issn-2477-3743;j-disc-issn-2541-0024","CAND-012377;CAND-021015",confirmed_same,"all candidate entities resolve to the same OpenAlex issn_l (2477-3743)","CAND-012377:2477-3743|CAND-021015:2477-3743"
"acta educationis generalis","de gruyter","j-disc-issn-2585-741X;j-disc-issn-1338-3965","CAND-012463;CAND-023084",confirmed_same,"all candidate entities resolve to the same OpenAlex issn_l (1338-3965)","CAND-012463:1338-3965|CAND-023084:1338-3965"
"jurnal smart (studi masyarakat religi dan tradisi)","ministry of religious affairs of indonesia","j-disc-issn-2528-553X;j-disc-issn-2460-6294","CAND-012529;CAND-020781",confirmed_same,"all candidate entities resolve to the same OpenAlex issn_l (2460-6294)","CAND-012529:2460-6294|CAND-020781:2460-6294"
"şarkiyat mecmuası / journal of oriental studies","istanbul university","j-disc-issn-2717-6916;j-disc-issn-1307-5020","CAND-012751;CAND-020672",confirmed_same,"all candidate entities resolve to the same OpenAlex issn_l (1307-5020)","CAND-012751:1307-5020|CAND-020672:1307-5020"
"european journal of biology","istanbul university","j-disc-issn-2618-6144;j-disc-issn-2602-2575","CAND-012884;CAND-020359",confirmed_same,"all candidate entities resolve to the same OpenAlex issn_l (1300-7041)","CAND-012884:1300-7041|CAND-020359:1300-7041"
"public and private international law bulletin","istanbul university","j-disc-issn-2651-5377;j-disc-issn-1308-0385","CAND-012971;CAND-023077",confirmed_same,"all candidate entities resolve to the same OpenAlex issn_l (1308-0385)","CAND-012971:1308-0385|CAND-023077:1308-0385"
"geram","uir press","j-disc-issn-2580-376X;j-disc-issn-2338-0446","CAND-013092;CAND-020967",confirmed_same,"all candidate entities resolve to the same OpenAlex issn_l (2338-0446)","CAND-013092:2338-0446|CAND-020967:2338-0446"
"caderno de administração","universidade estadual de maringá","j-disc-issn-2238-1465;j-disc-issn-1516-1803","CAND-013204;CAND-020971",confirmed_same,"all candidate entities resolve to the same OpenAlex issn_l (1516-1803)","CAND-013204:1516-1803|CAND-020971:1516-1803"
"ulusal romatoloji dergisi","galenos yayinevi","j-disc-issn-2651-2661;j-disc-issn-2651-2653","CAND-013239;CAND-020997",confirmed_same,"all candidate entities resolve to the same OpenAlex issn_l (2651-2653)","CAND-013239:2651-2653|CAND-020997:2651-2653"
"istanbul journal of economics / i̇stanbul i̇ktisat dergisi","istanbul university","j-disc-issn-2602-3954;j-disc-issn-2602-4152","CAND-013284;CAND-020673",confirmed_same,"all candidate entities resolve to the same OpenAlex issn_l (2602-3954)","CAND-013284:2602-3954|CAND-020673:2602-3954"
"nordic journal of art and research","oslo and akershus university college of applied sciences","j-disc-issn-2535-7328;j-disc-issn-1893-2479","CAND-013787;CAND-020723",confirmed_same,"all candidate entities resolve to the same OpenAlex issn_l (1893-2479)","CAND-013787:1893-2479|CAND-020723:1893-2479"
"jurnal ilmu dan teknologi kesehatan","poltekkes kemenkes yogyakarta","j-disc-issn-2338-9109;j-disc-issn-2338-9095","CAND-013789;CAND-021096",confirmed_same,"all candidate entities resolve to the same OpenAlex issn_l (2338-9095)","CAND-013789:2338-9095|CAND-021096:2338-9095"
"progress","wydawnictwo uniwersytetu jagiellońskiego","j-disc-issn-2543-9928;j-disc-issn-2543-8638","CAND-013826;CAND-020554",confirmed_same,"all candidate entities resolve to the same OpenAlex issn_l (2543-8638)","CAND-013826:2543-8638|CAND-020554:2543-8638"
"journal of natural science and integration","universitas islam negeri sultan syarif kasim riau","j-disc-issn-2620-5092;j-disc-issn-2620-4967","CAND-013844;CAND-021024",confirmed_same,"all candidate entities resolve to the same OpenAlex issn_l (2620-4967)","CAND-013844:2620-4967|CAND-021024:2620-4967"
"falah jurnal ekonomi syariah","universitas muhammadiyah semarang","j-disc-issn-2502-7824;j-disc-issn-2502-3918","CAND-013981;CAND-021121",confirmed_same,"all candidate entities resolve to the same OpenAlex issn_l (2502-3918)","CAND-013981:2502-3918|CAND-021121:2502-3918"
"intensif jurnal ilmiah penelitian dan penerapan teknologi sistem informasi","universitas nusantara pgri kediri","j-disc-issn-2549-6824;j-disc-issn-2580-409X","CAND-014123;CAND-020964",confirmed_same,"all candidate entities resolve to the same OpenAlex issn_l (2549-6824)","CAND-014123:2549-6824|CAND-020964:2549-6824"
"revista criterios","universidad mariana","j-disc-issn-2256-1161;j-disc-issn-0121-8670","CAND-014320;CAND-020587",confirmed_same,"all candidate entities resolve to the same OpenAlex issn_l (2256-1161)","CAND-014320:2256-1161|CAND-020587:2256-1161"
"al-mizan","institut agama islam negeri (iain) sultan amai gorontalo","j-disc-issn-2442-8256;j-disc-issn-1907-0985","CAND-014346;CAND-021021",confirmed_same,"all candidate entities resolve to the same OpenAlex issn_l (1907-0985)","CAND-014346:1907-0985|CAND-021021:1907-0985"
"siyasal journal of political sciences","istanbul university","j-disc-issn-2602-3598;j-disc-issn-1303-1260","CAND-014395;CAND-023191",confirmed_same,"all candidate entities resolve to the same OpenAlex issn_l (1303-1260)","CAND-014395:1303-1260|CAND-023191:1303-1260"
"journal of kinesiology and exercise sciences","index copernicus international s.a.","j-disc-issn-1731-0652;j-disc-issn-2956-4581","CAND-014420;CAND-016191",confirmed_same,"all candidate entities resolve to the same OpenAlex issn_l (1731-0652)","CAND-014420:1731-0652|CAND-016191:1731-0652"
"central european forestry journal","de gruyter open","j-disc-issn-2454-034X;j-disc-issn-0323-1046","CAND-014472;CAND-023030",confirmed_same,"all candidate entities resolve to the same OpenAlex issn_l (0323-1046)","CAND-014472:0323-1046|CAND-023030:0323-1046"
"ensayos revista de economía","universidad autónoma de nuevo león","j-disc-issn-2448-8402;j-disc-issn-1870-221X","CAND-014693;CAND-021134",confirmed_same,"all candidate entities resolve to the same OpenAlex issn_l (1870-221X)","CAND-014693:1870-221X|CAND-021134:1870-221X"
"european pharmaceutical journal","de gruyter open","j-disc-issn-2453-6725;j-disc-issn-0301-2298","CAND-014727;CAND-023119",confirmed_same,"all candidate entities resolve to the same OpenAlex issn_l (0301-2298)","CAND-014727:0301-2298|CAND-023119:0301-2298"
"agroindustrial technology journal","universitas darussalam gontor","j-disc-issn-2598-9480;j-disc-issn-2599-0799","CAND-014769;CAND-021137",confirmed_same,"all candidate entities resolve to the same OpenAlex issn_l (2598-9480)","CAND-014769:2598-9480|CAND-021137:2598-9480"
"jurnal peternakan","universitas islam negeri sultan syarif kasim riau","j-disc-issn-2355-9470;j-disc-issn-1829-8729","CAND-014809;CAND-021042",confirmed_same,"all candidate entities resolve to the same OpenAlex issn_l (1829-8729)","CAND-014809:1829-8729|CAND-021042:1829-8729"
"jurnal social economic of agriculture","tanjungpura university","j-disc-issn-2579-3268;j-disc-issn-2252-3820","CAND-014866;CAND-021115",confirmed_same,"all candidate entities resolve to the same OpenAlex issn_l (2252-3820)","CAND-014866:2252-3820|CAND-021115:2252-3820"
"cm communication and media","faculty of agronomy in čačak","j-disc-issn-2466-541X;j-disc-issn-1452-7405","CAND-014872;CAND-023128",confirmed_same,"all candidate entities resolve to the same OpenAlex issn_l (1452-7405)","CAND-014872:1452-7405|CAND-023128:1452-7405"
"revista nuevo humanismo","national university, costa rica","j-disc-issn-2215-4078;j-disc-issn-1405-0234","CAND-014893;CAND-021034",confirmed_same,"all candidate entities resolve to the same OpenAlex issn_l (2215-4078)","CAND-014893:2215-4078|CAND-021034:2215-4078"
"gender and research","institute of sociology","j-disc-issn-2570-6578;j-disc-issn-1213-0028","CAND-015178;CAND-023166",confirmed_same,"all candidate entities resolve to the same OpenAlex issn_l (1213-0028)","CAND-015178:1213-0028|CAND-023166:1213-0028"
"ijnp (indonesian journal of nursing practices)","muhammadiyah university of yogyakarta","j-disc-issn-2548-592X;j-disc-issn-2548-4249","CAND-015258;CAND-021031",confirmed_same,"all candidate entities resolve to the same OpenAlex issn_l (2548-4249)","CAND-015258:2548-4249|CAND-021031:2548-4249"
"islamuna jurnal studi islam","institut agama islam negeri mataram","j-disc-issn-2443-3535;j-disc-issn-2407-411X","CAND-015488;CAND-021099",confirmed_same,"all candidate entities resolve to the same OpenAlex issn_l (2407-411X)","CAND-015488:2407-411X|CAND-021099:2407-411X"
"international journal of islamic business ethics","universitas islam sultan agung","j-disc-issn-2502-4647;j-disc-issn-2502-0633","CAND-015568;CAND-021043",confirmed_same,"all candidate entities resolve to the same OpenAlex issn_l (2502-0633)","CAND-015568:2502-0633|CAND-021043:2502-0633"
"polish cartographical review","de gruyter open","j-disc-issn-2450-6966;j-disc-issn-0324-8321","CAND-015685;CAND-020488",confirmed_same,"all candidate entities resolve to the same OpenAlex issn_l (0324-8321)","CAND-015685:0324-8321|CAND-020488:0324-8321"
"thinking skills and creativity journal","elsevier bv","j-disc-issn-2615-6105;j-disc-issn-2615-4692","CAND-015691;CAND-021033",confirmed_same,"all candidate entities resolve to the same OpenAlex issn_l (2615-4692)","CAND-015691:2615-4692|CAND-021033:2615-4692"
"philanthropy journal of psychology","universitas semarang","j-disc-issn-2580-8532;j-disc-issn-2580-6076","CAND-015711;CAND-021132",confirmed_same,"all candidate entities resolve to the same OpenAlex issn_l (2580-6076)","CAND-015711:2580-6076|CAND-021132:2580-6076"
"sti policy and management journal","indonesian institute of sciences","j-disc-issn-2502-5996;j-disc-issn-1907-9753","CAND-015835;CAND-023217",confirmed_same,"all candidate entities resolve to the same OpenAlex issn_l (1907-9753)","CAND-015835:1907-9753|CAND-023217:1907-9753"
"jurnal ilmiah kursor","university of trunojoyo madura","j-disc-issn-2301-6914;j-disc-issn-0216-0544","CAND-015961;CAND-020979",confirmed_same,"all candidate entities resolve to the same OpenAlex issn_l (0216-0544)","CAND-015961:0216-0544|CAND-020979:0216-0544"
"jkbm (jurnal konsep bisnis dan manajemen)","medan area university","j-disc-issn-2407-263X;j-disc-issn-2407-2648","CAND-015995;CAND-021049",confirmed_same,"all candidate entities resolve to the same OpenAlex issn_l (2407-263X)","CAND-015995:2407-263X|CAND-021049:2407-263X"
"annales de la faculté de droit d’istanbul","istanbul university","j-disc-issn-2687-4113;j-disc-issn-0578-9745","CAND-016134;CAND-020519",confirmed_same,"all candidate entities resolve to the same OpenAlex issn_l (0578-9745)","CAND-016134:0578-9745|CAND-020519:0578-9745"
"international journal of critical diversity studies","pluto journals","j-disc-issn-2516-5518;j-disc-issn-2516-550X","CAND-016143;CAND-020278",confirmed_same,"all candidate entities resolve to the same OpenAlex issn_l (2516-550X)","CAND-016143:2516-550X|CAND-020278:2516-550X"
"journal of basic medical veterinary","airlangga university","j-disc-issn-2774-9959;j-disc-issn-2302-6820","CAND-016322;CAND-020433",confirmed_same,"all candidate entities resolve to the same OpenAlex issn_l (2302-6820)","CAND-016322:2302-6820|CAND-020433:2302-6820"
"jaur (journal of architecture and urbanism research)","medan area university","j-disc-issn-2599-0160;j-disc-issn-2599-0179","CAND-016640;CAND-021022",confirmed_same,"all candidate entities resolve to the same OpenAlex issn_l (2599-0160)","CAND-016640:2599-0160|CAND-021022:2599-0160"
"jati jurnal akuntansi terapan indonesia","muhammadiyah university of yogyakarta","j-disc-issn-2615-0689;j-disc-issn-2615-157X","CAND-016678;CAND-021063",confirmed_same,"all candidate entities resolve to the same OpenAlex issn_l (2615-0689)","CAND-016678:2615-0689|CAND-021063:2615-0689"
"srm journal of research in dental sciences","medknow","j-disc-issn-2772-5243;j-disc-issn-0976-433X","CAND-016693;CAND-022980",confirmed_same,"all candidate entities resolve to the same OpenAlex issn_l (0976-433X)","CAND-016693:0976-433X|CAND-022980:0976-433X"
"i̇stanbul üniversitesi çeviribilim dergisi / istanbul university journal of translation studies","istanbul university","j-disc-issn-2717-6959;j-disc-issn-1309-6214","CAND-016767;CAND-020825",confirmed_same,"all candidate entities resolve to the same OpenAlex issn_l (1309-6214)","CAND-016767:1309-6214|CAND-020825:1309-6214"
"medievalia","national autonomous university of mexico","j-disc-issn-2448-8232;j-disc-issn-0188-6657","CAND-016773;CAND-019547",confirmed_same,"all candidate entities resolve to the same OpenAlex issn_l (0188-6657)","CAND-016773:0188-6657|CAND-019547:0188-6657"
"ethics politics & society","university of minho","j-disc-issn-2184-2582;j-disc-issn-2184-2574","CAND-016796;CAND-021104",confirmed_same,"all candidate entities resolve to the same OpenAlex issn_l (2184-2574)","CAND-016796:2184-2574|CAND-021104:2184-2574"
"insurance markets and companies","business perspectives","j-disc-issn-2522-9591;j-disc-issn-2078-2454","CAND-016806;CAND-023222",confirmed_same,"all candidate entities resolve to the same OpenAlex issn_l (2078-2454)","CAND-016806:2078-2454|CAND-023222:2078-2454"
"mozaik humaniora","airlangga university","j-disc-issn-2442-935X;j-disc-issn-2442-8469","CAND-016897;CAND-021070",confirmed_same,"all candidate entities resolve to the same OpenAlex issn_l (2442-8469)","CAND-016897:2442-8469|CAND-021070:2442-8469"
"jla (jurnal lingua applicata)","gadjah mada university","j-disc-issn-2598-0556;j-disc-issn-2597-6117","CAND-016931;CAND-021078",confirmed_same,"all candidate entities resolve to the same OpenAlex issn_l (2597-6117)","CAND-016931:2597-6117|CAND-021078:2597-6117"
"tiyatro eleştirmenliği ve dramaturji bölümü dergisi / journal of theatre criticism and dramaturgy","istanbul university","j-disc-issn-2687-4636;j-disc-issn-1303-8605","CAND-017442;CAND-020755",confirmed_same,"all candidate entities resolve to the same OpenAlex issn_l (1303-8605)","CAND-017442:1303-8605|CAND-020755:1303-8605"
"indonesian contemporary nursing journal (icon journal)","hasanuddin university","j-disc-issn-2686-116X;j-disc-issn-2528-2557","CAND-017582;CAND-021011",confirmed_same,"all candidate entities resolve to the same OpenAlex issn_l (2528-2557)","CAND-017582:2528-2557|CAND-021011:2528-2557"
"sanat tarihi yıllığı / journal of art history","istanbul university","j-disc-issn-2717-6940;j-disc-issn-0579-4080","CAND-017828;CAND-020756",confirmed_same,"all candidate entities resolve to the same OpenAlex issn_l (0579-4080)","CAND-017828:0579-4080|CAND-020756:0579-4080"
"le foucaldien","open library of humanities","j-disc-issn-2515-2076;j-disc-issn-2755-0923","CAND-017866;CAND-018730",confirmed_same,"all candidate entities resolve to the same OpenAlex issn_l (2515-2076)","CAND-017866:2515-2076|CAND-018730:2515-2076"
"apuntes electorales","instituto electoral del estado de méxico","j-disc-issn-2448-8585;j-disc-issn-1665-0921","CAND-018147;CAND-020952",confirmed_same,"all candidate entities resolve to the same OpenAlex issn_l (1665-0921)","CAND-018147:1665-0921|CAND-020952:1665-0921"
"rekayasa bahan alam dan energi berkelanjutan","brawijaya university","j-disc-issn-2548-2181;j-disc-issn-2548-2300","CAND-018154;CAND-020986",confirmed_same,"all candidate entities resolve to the same OpenAlex issn_l (2548-2181)","CAND-018154:2548-2181|CAND-020986:2548-2181"
"global focus","brawijaya university","j-disc-issn-2776-9399;j-disc-issn-2723-4215","CAND-018180;CAND-021130",confirmed_same,"all candidate entities resolve to the same OpenAlex issn_l (2723-4215)","CAND-018180:2723-4215|CAND-021130:2723-4215"
"jurnal transformative","brawijaya university","j-disc-issn-2581-0308;j-disc-issn-2548-3323","CAND-018232;CAND-020467",confirmed_same,"all candidate entities resolve to the same OpenAlex issn_l (2548-3323)","CAND-018232:2548-3323|CAND-020467:2548-3323"
"indonesian journal of learning and instruction","university of kuningan and association of indonesian scholars of english education (aisee)","j-disc-issn-2614-5677;j-disc-issn-2614-8250","CAND-018243;CAND-021138",confirmed_same,"all candidate entities resolve to the same OpenAlex issn_l (2614-5677)","CAND-018243:2614-5677|CAND-021138:2614-5677"
"jipva (jurnal pendidikan ipa veteran)","institut keguruan dan ilmu pendidikan (ikip) veteran semarang","j-disc-issn-2598-0904;j-disc-issn-2598-5876","CAND-019336;CAND-021067",confirmed_same,"all candidate entities resolve to the same OpenAlex issn_l (2598-0904)","CAND-019336:2598-0904|CAND-021067:2598-0904"
"territorio italia","agenzia delle entrate","j-disc-issn-2499-2674;j-disc-issn-2499-2666","CAND-022337;CAND-022345",confirmed_same,"issn_l is null upstream on OpenAlex for this source, but both candidate entities ISSNs resolve to the exact same OpenAlex source_id (S2736437162, display_name ""Territorio Italia"") with an identical issn array — confirmed via OpenAlex Source ID (registry/README.md tier 3), not issn_l (tier 1 unavailable for this source).","CAND-022337:NONE|CAND-022345:NONE"
