identity_key,primary_candidate,merged_away,legacy_ids,titles
"issn_l:1735-9007",CAND-000256,"CAND-023121","j-disc-medical-laboratory-journ;j-disc-issn-1735-9007","Medical Laboratory Journal"
"issn_l:2055-1045",CAND-000804,"CAND-005042","j-disc-issn-2662-9992;j-disc-issn-2055-1045","Humanities and Social Sciences Communications | Palgrave Communications"
"issn_l:0873-2159",CAND-001165,"CAND-022451","j-disc-issn-0873-2159;j-disc-issn-2173-5115","Revista Portuguesa de Pneumologia | Revista Portuguesa de Pneumologia (English Edition)"
"issn_l:2314-7091",CAND-001258,"CAND-005414","j-disc-issn-2682-3950;j-disc-issn-2314-7091","مجلة أسيوط لعلوم وفنون التربية الرياضية | Assiut Journal of Sport Science and Arts /Assiut Journal of Sport Science and Arts"
"issn_l:1738-1061",CAND-001280,"CAND-003428","j-disc-issn-1738-1061;j-disc-issn-2713-4148","Korean Journal of Pediatrics | Clinical and Experimental Pediatrics"
"issn_l:2077-1770",CAND-001546,"CAND-019963","j-disc-issn-2077-1770;j-disc-issn-3033-5981","Sovremennye issledovaniya sotsialnykh problem"
"issn_l:1471-2296",CAND-001577,"CAND-002183","j-disc-issn-1471-2296;j-disc-issn-2731-4553","BMC Family Practice | BMC Primary Care"
"issn_l:1180-2332",CAND-001614,"CAND-020360","j-disc-issn-1712-9532;j-disc-issn-1180-2332","Canadian Journal of Infectious Diseases and Medical Microbiology | Canadian Journal of Infectious Diseases"
"issn_l:0482-5004",CAND-001735,"CAND-006717","j-disc-issn-0482-5004;j-disc-issn-2523-3106","Revista Brasileira de Reumatologia | Advances in Rheumatology"
"issn_l:1390-5473",CAND-002173,"CAND-021675","j-disc-issn-1390-5473;j-disc-issn-1996-2452","Podium"
"issn_l:2525-7323",CAND-002902,"CAND-021068","j-disc-issn-2525-7323;j-disc-issn-2525-5010","Jornal de Assistência Farmacêutica e Farmacoeconomia"
"issn_l:0552-9360",CAND-003021,"CAND-020895","j-disc-issn-2753-7269;j-disc-issn-0552-9360","Journal of the Palaeontological Society of India"
"issn_l:0921-8912",CAND-003038,"CAND-020961","j-disc-issn-2210-7177;j-disc-issn-0921-8912","Analytical Cellular Pathology | Analytical cellular pathology"
"issn_l:1117-1936",CAND-003180,"CAND-013077","j-disc-issn-1117-1936;j-disc-issn-2468-6875","Nigerian Postgraduate Medical Journal"
"issn_l:0016-7169",CAND-003199,"CAND-005079","j-disc-issn-2954-436X;j-disc-issn-0016-7169","Geofísica Internacional"
"issn_l:1680-6433",CAND-003208,"CAND-020832","j-disc-issn-2476-3772;j-disc-issn-1680-6433","International Journal of Reproductive BioMedicine (IJRM) | Iranian journal of reproductive medicine."
"issn_l:2153-3539",CAND-003276,"CAND-020636","j-disc-issn-2153-3539;j-disc-issn-2229-5089","Journal of Pathology Informatics | Journal of pathology informatics"
"issn_l:2078-9181",CAND-003471,"CAND-009870","j-disc-issn-2078-9181;j-disc-issn-2713-3192","SPIIRAS Proceedings | Informatics and Automation"
"issn_l:1300-5804",CAND-003639,"CAND-020195;CAND-022958","j-disc-issn-2980-1478;j-disc-issn-2149-3057;j-disc-issn-1300-5804","Urology Research and Practice | Turkish journal of urology"
"issn_l:1000-467X",CAND-003768,"CAND-004096","j-disc-issn-2523-3548;j-disc-issn-1000-467X","Cancer Communications | Chinese Journal of Cancer"
"issn_l:2148-4902",CAND-003795,"CAND-020411","j-disc-issn-2148-4902;j-disc-issn-2536-4553","Northern Clinics of Istanbul | İstanbul kuzey klinikleri - northern clinics of istanbul"
"issn_l:0187-8336",CAND-003911,"CAND-007349","j-disc-issn-2007-2422;j-disc-issn-0187-8336","Tecnología y Ciencias del Agua | IMTA-TC"
"issn_l:1814-3520",CAND-003953,"CAND-012549","j-disc-issn-1814-3520;j-disc-issn-2782-4004","iPolytech Journal"
"issn_l:2084-3356",CAND-004330,"CAND-014258;CAND-015859","j-disc-issn-2658-0845;j-disc-issn-2084-3356;j-disc-issn-2450-7814","Central European Management Journal | Management and Business Administration Central Europe | Journal of Management and Business Administration Central Europe"
"issn_l:1413-7739",CAND-004523,"CAND-010292","j-disc-issn-1679-8759;j-disc-issn-2675-2824","Brazilian Journal of Oceanography | Ocean and Coastal Research"
"issn_l:1226-1726",CAND-004711,"CAND-015851","j-disc-issn-2384-0544;j-disc-issn-1226-1726","Exercise Science"
"issn_l:0716-1557",CAND-004946,"CAND-013232","j-disc-issn-2452-610X;j-disc-issn-0716-1557","REVISTA CUHSO | Revista CUHSO"
"issn_l:0350-8218",CAND-004949,"CAND-009175","j-disc-issn-0350-8218;j-disc-issn-2490-3329","Scripta Medica | SCRIPTA MEDICA"
"issn_l:1646-0715",CAND-005001,"CAND-015897","j-disc-issn-1646-0715;j-disc-issn-2184-9552","Sinais de Cena"
"issn_l:1018-8681",CAND-005128,"CAND-014830","j-disc-issn-1309-5749;j-disc-issn-1018-8681","Dusunen Adam The Journal of Psychiatry and Neurological Sciences"
"issn_l:0971-0701",CAND-005260,"CAND-021129","j-disc-issn-2582-0605;j-disc-issn-0971-0701","Journal of Veterinary and Animal Sciences"
"issn_l:2149-2549",CAND-005346,"CAND-011734","j-disc-issn-2149-2247;j-disc-issn-2980-2156","Erciyes medical journal | Journal of Clinical Practice and Research"
"issn_l:2586-9981",CAND-005348,"CAND-020358","j-disc-issn-2630-0559;j-disc-issn-2586-9981","Journal of Health Science and Medical Research"
"issn_l:1900-7760",CAND-005756,"CAND-020674","j-disc-issn-1900-7760;j-disc-issn-0120-3584","Revista Desarrollo y Sociedad"
"issn_l:0104-6721",CAND-005787,"CAND-021110","j-disc-issn-2176-8099;j-disc-issn-0104-6721","Plural"
"issn_l:1907-6355",CAND-005831,"CAND-021080","j-disc-issn-2656-9779;j-disc-issn-1907-6355","QALAMUNA Jurnal Pendidikan Sosial dan Agama"
"issn_l:2617-2178",CAND-005940,"CAND-020474","j-disc-issn-2617-2178;j-disc-issn-3006-6352","AL-MUKHTAR JOURNAL OF SCIENCES | Al-Mukhtar journal of sciences."
"issn_l:1392-0561",CAND-006007,"CAND-014139","j-disc-issn-2783-6207;j-disc-issn-1392-0561","Information & Media | Informacijos mokslai"
"issn_l:1978-3744",CAND-006055,"CAND-021047","j-disc-issn-2355-6811;j-disc-issn-1978-3744","Indonesian Journal of Cancer"
"issn_l:1229-5701",CAND-006143,"CAND-022951","j-disc-issn-2093-4378;j-disc-issn-1229-5701","Journal of Korean society of spine surgery"
"issn_l:2814-1822",CAND-006286,"CAND-020727","j-disc-issn-2814-1822;j-disc-issn-2616-0668","UMYU Journal of Microbiology Research (UJMR)"
"issn_l:2311-7052",CAND-006337,"CAND-021086","j-disc-issn-2311-7052;j-disc-issn-2221-1527","Social Psychology and Society"
"issn_l:1829-0337",CAND-006359,"CAND-021036","j-disc-issn-2579-3039;j-disc-issn-1829-2429","Armenian Folia Anglistika | Armenian folia anglistika"
"issn_l:1597-7188",CAND-006431,"CAND-021193","j-disc-issn-2735-9964;j-disc-issn-1597-7188","Ibom Medical Journal"
"issn_l:1665-6415",CAND-006533,"CAND-021111","j-disc-issn-2954-4270;j-disc-issn-1665-6415","Theoría Revista del Colegio de Filosofía"
"issn_l:1391-3174",CAND-006551,"CAND-020970","j-disc-issn-2579-1451;j-disc-issn-1391-3174","Journal of the College of Community Physicians of Sri Lanka"
"issn_l:1390-6321",CAND-006610,"CAND-021141","j-disc-issn-2661-6734;j-disc-issn-1390-6321","Revista Científica Ciencia y Tecnología"
"issn_l:1475-9985",CAND-006617,"CAND-020650","j-disc-issn-2058-4555;j-disc-issn-1475-9985","Journal of Innovation in Health Informatics | Informatics in Primary Care"
"issn_l:2073-7203",CAND-006727,"CAND-018035","j-disc-issn-2073-7203;j-disc-issn-2311-3448","State Religion and Church in Russia and Worldwide | State Religion and Church"
"issn_l:2955-1145",CAND-006771,"CAND-021174","j-disc-issn-2955-1153;j-disc-issn-2955-1145","UMYU Scientifica"
"issn_l:0853-442X",CAND-006818,"CAND-020965","j-disc-issn-2355-1402;j-disc-issn-0853-442X","Indonesian Journal of Urology"
"issn_l:2213-3739",CAND-006844,"CAND-009582","j-disc-issn-2213-3739;j-disc-issn-0973-0508","Indian Journal of Neurotrauma"
"issn_l:2523-4463",CAND-006890,"CAND-017472","j-disc-issn-2523-4463;j-disc-issn-3041-217X","Alfred Nobel University Journal of Philoligy | Alfred Nobel University Journal of Philology"
"issn_l:2714-2817",CAND-007050,"CAND-020981","j-disc-issn-2714-4704;j-disc-issn-2714-2817","Journal of the Nigerian Society of Physical Sciences"
"issn_l:1437-2940",CAND-007104,"CAND-023022","j-disc-issn-2699-2337;j-disc-issn-1437-2940","Journal of Family Research"
"issn_l:1604-8156",CAND-007156,"CAND-017480","j-disc-issn-1604-8156;j-disc-issn-2597-2154","Geological Survey of Denmark and Greenland Bulletin | GEUS Bulletin"
"issn_l:0870-8967",CAND-007247,"CAND-022242","j-disc-issn-0870-8967;j-disc-issn-2421-115X","Diacrítica | Diacritica"
"issn_l:2090-7249",CAND-007372,"CAND-017155","j-disc-issn-2090-7249;j-disc-issn-3009-7509","Ain Shams Journal of Surgery"
"issn_l:2622-8475",CAND-007476,"CAND-020873","j-disc-issn-2622-8475;j-disc-issn-2656-9957","Jurnal Teknologi Informatika dan Komputer"
"issn_l:1300-8757",CAND-007591,"CAND-023014","j-disc-issn-2651-4451;j-disc-issn-1300-8757","Türk fizyoterapi ve rehabilitasyon dergisi"
"issn_l:2579-4701",CAND-007674,"CAND-021143","j-disc-issn-2579-4914;j-disc-issn-2579-4701","UNES Journal of Swara Justisia"
"issn_l:2047-9816",CAND-007684,"CAND-017122","j-disc-issn-2058-4601;j-disc-issn-2047-9816","Acta Radiologica Open | Acta Radiologica Short Reports"
"issn_l:1412-1468",CAND-007774,"CAND-020996","j-disc-issn-2355-3545;j-disc-issn-1412-1468","ZIRAA AH MAJALAH ILMIAH PERTANIAN"
"issn_l:1016-1422",CAND-007900,"CAND-012711","j-disc-issn-1016-1422;j-disc-issn-2706-0233","Tropical Agricultural Research"
"issn_l:2443-2210",CAND-008020,"CAND-021041","j-disc-issn-2443-2229;j-disc-issn-2443-2210","Jurnal Teknik Informatika dan Sistem Informasi"
"issn_l:0185-3481",CAND-008041,"CAND-018576","j-disc-issn-2954-4602;j-disc-issn-0185-3481","Revista de Filosofía Universidad Iberoamericana"
"issn_l:1992-5980",CAND-008088,"CAND-009992","j-disc-issn-1992-5980;j-disc-issn-2687-1653","Advanced Engineering Research | Advanced Engineering Research (Rostov-on-Don)"
"issn_l:1225-7737",CAND-008203,"CAND-010054;CAND-022924","j-disc-issn-2384-0293;j-disc-issn-2799-8010;j-disc-issn-1225-7737","Yeungnam university journal of medicine | Journal of Yeungnam Medical Science"
"issn_l:2595-1459",CAND-008225,"CAND-023001","j-disc-issn-2675-2980;j-disc-issn-2595-1459","Journal of the Foot & Ankle"
"issn_l:2303-3827",CAND-008275,"CAND-021119","j-disc-issn-2477-815X;j-disc-issn-2303-3827","Jurnal IUS Kajian Hukum dan Keadilan"
"issn_l:1212-1185",CAND-008454,"CAND-021737","j-disc-issn-2336-4912;j-disc-issn-1213-8312","Acta Gymnica | Acta Universitatis Palackianae Olomucensis. Gymnica"
"issn_l:2652-0397",CAND-008496,"CAND-020754","j-disc-issn-2652-8800;j-disc-issn-2652-0397","Findings"
"issn_l:2775-3174",CAND-008588,"CAND-021074","j-disc-issn-2775-3174;j-disc-issn-2775-4146","IBLAM LAW REVIEW"
"issn_l:1390-7603",CAND-008628,"CAND-021209","j-disc-issn-1390-7603;j-disc-issn-1390-7786","REVISTA CIENCIAS PEDAGÓGICAS E INNOVACIÓN | Revista Ciencias Pedagógicas e Innovación"
"issn_l:1838-2959",CAND-008629,"CAND-016075","j-disc-issn-2205-0795;j-disc-issn-1838-2959","Student Success | The International Journal of the First Year in Higher Education"
"issn_l:1300-4751",CAND-008764,"CAND-020697","j-disc-issn-2602-4918;j-disc-issn-1300-4751","Gynecology Obstetrics and Reproductive Medicine"
"issn_l:0216-8227",CAND-008820,"CAND-020517","j-disc-issn-0216-8227;j-disc-issn-2460-1543","Padjadjaran | PADJADJARAN Jurnal Ilmu Hukum (Journal of Law)"
"issn_l:2036-3176",CAND-009056,"CAND-009441","j-disc-issn-2524-8987;j-disc-issn-2036-3176","The Ultrasound Journal | Critical Ultrasound Journal"
"issn_l:1410-4350",CAND-009145,"CAND-021891","j-disc-issn-1410-4350;j-disc-issn-2621-7120","Analisa Journal of Social Science and Religion | Analisa"
"issn_l:1993-047X",CAND-009352,"CAND-011716","j-disc-issn-1993-047X;j-disc-issn-2782-2923","Actual Problems of Economics and Law | Russian Journal of Economics and Law"
"issn_l:2089-970X",CAND-009409,"CAND-021064","j-disc-issn-2089-970X;j-disc-issn-2337-5124","JAI (Jurnal Anestesiologi Indonesia)"
"issn_l:2316-2058",CAND-009669,"CAND-017581","j-disc-issn-2965-1506;j-disc-issn-2316-2058","REGEPE Entrepreneurship and Small Business Journal | REGEPE - Revista de Empreendedorismo e Gestão de Pequenas Empresas"
"issn_l:1986-6097",CAND-009681,"CAND-020550","j-disc-issn-1986-6119;j-disc-issn-1986-6089","sportlogia | Sportlogia"
"issn_l:2146-0639",CAND-009714,"CAND-023048","j-disc-issn-2687-6442;j-disc-issn-2146-0639","Florence Nightingale Journal of Nursing"
"issn_l:0344-5925",CAND-009737,"CAND-011289","j-disc-issn-2510-5264;j-disc-issn-0344-5925","German Journal of Sports Medicine"
"issn_l:2477-5738",CAND-009752,"CAND-021103","j-disc-issn-2502-0528;j-disc-issn-2477-5738","Jurnal Public Policy"
"issn_l:2312-9735",CAND-009883,"CAND-022994","j-disc-issn-2658-4670;j-disc-issn-2312-9735","Discrete and Continuous Models and Applied Computational Science | Вестник Российского университета дружбы народов. Серия: Математика, информатика, физика"
"issn_l:2456-8309",CAND-009996,"CAND-020621","j-disc-issn-2582-3590;j-disc-issn-2456-8309","RUHS Journal of Health Science"
"issn_l:0187-7372",CAND-010076,"CAND-020468","j-disc-issn-2594-0260;j-disc-issn-0187-7372","Frontera norte"
"issn_l:2223-5752",CAND-010184,"CAND-023041","j-disc-issn-2707-3092;j-disc-issn-2223-5752","Professional Pedagogics"
"issn_l:2085-0034",CAND-010210,"CAND-020969","j-disc-issn-2549-3388;j-disc-issn-2085-0034","Al-Bidayah Jurnal Pendidikan Dasar Islam"
"issn_l:0188-7890",CAND-010266,"CAND-021161","j-disc-issn-2683-1716;j-disc-issn-0188-7890","Avances en Investigación Agropecuaria"
"issn_l:1810-3154",CAND-010287,"CAND-022923","j-disc-issn-2663-9084;j-disc-issn-1810-3154","Ukrainian Neurosurgical Journal"
"issn_l:1300-6525",CAND-010289,"CAND-021040","j-disc-issn-2149-0880;j-disc-issn-1300-6525","kulak burun boğaz ve baş boyun cerrahisi dergisi"
"issn_l:1982-1867",CAND-010313,"CAND-016764","j-disc-issn-2763-8898;j-disc-issn-1982-1867","Revista de Ensino de Biologia da SBEnBio"
"issn_l:2442-7284",CAND-010492,"CAND-021107","j-disc-issn-2442-8744;j-disc-issn-2442-7284","Jurnal Farmasi Galenika (Galenika Journal of Pharmacy) (e-Journal)"
"issn_l:0121-8697",CAND-010501,"CAND-021100","j-disc-issn-2145-9355;j-disc-issn-0121-8697","Revista de Derecho Uninorte"
"issn_l:2686-3782",CAND-010562,"CAND-021160","j-disc-issn-2686-3782;j-disc-issn-2714-8742","Alauddin Law Development Journal"
"issn_l:1303-0671",CAND-010591,"CAND-020866","j-disc-issn-2630-5550;j-disc-issn-1303-0671","Marife Dini Araştırmalar Dergisi"
"issn_l:0120-1425",CAND-010602,"CAND-020008","j-disc-issn-2711-1318;j-disc-issn-0120-1425","Boletín Geológico"
"issn_l:2355-8857",CAND-010807,"CAND-020993","j-disc-issn-2407-6376;j-disc-issn-2355-8857","Journal of Health (JoH)"
"issn_l:2723-9586",CAND-010830,"CAND-021169","j-disc-issn-2723-9586;j-disc-issn-2724-3915","IUL Research"
"issn_l:2088-7841",CAND-011026,"CAND-021006","j-disc-issn-2303-3460;j-disc-issn-2088-7841","Journal of Business and Banking"
"issn_l:1411-5735",CAND-011099,"CAND-021102","j-disc-issn-2442-5613;j-disc-issn-1411-5735","Jurnal ILMU DASAR"
"issn_l:1735-6679",CAND-011257,"CAND-018806","j-disc-issn-1735-6679;j-disc-issn-2322-3839","Alborz University Medical Journal"
"issn_l:0535-8418",CAND-011281,"CAND-020392","j-disc-issn-2602-4039;j-disc-issn-0535-8418","Forestist | İstanbul Üniversitesi Orman Fakültesi Dergisi"
"issn_l:2356-4547",CAND-011298,"CAND-021142","j-disc-issn-2721-0006;j-disc-issn-2356-4547","Manna Rafflesia"
"issn_l:2722-1156",CAND-011303,"CAND-021241","j-disc-issn-2722-1156;j-disc-issn-2722-1164","International Journal of Business Economics and Social Development"
"issn_l:1512-3146",CAND-011313,"CAND-021027","j-disc-issn-1512-3146;j-disc-issn-1987-9601","International Journal of Multilingual Education"
"issn_l:2251-8460",CAND-011352,"CAND-023108","j-disc-issn-2588-3712;j-disc-issn-2251-8460","Journal of Holistic Nursing and Midwifery"
"issn_l:1409-7001",CAND-011405,"CAND-020046","j-disc-issn-1857-8462;j-disc-issn-1409-7001","SEEU Review | South East European University Review"
"issn_l:2645-2685",CAND-011429,"CAND-020677","j-disc-issn-2645-2685;j-disc-issn-2756-6811","ABUAD Journal of Engineering Research and Development (AJERD)"
"issn_l:2502-5643",CAND-011534,"CAND-021108","j-disc-issn-2720-9571;j-disc-issn-2502-5643","Risenologi"
"issn_l:2476-8642",CAND-011576,"CAND-021010","j-disc-issn-2536-6149;j-disc-issn-2476-8642","Annals of Health Research (The Journal of the Medical and Dental Consultants Association of Nigeria OOUTH Sagamu Nigeria)"
"issn_l:2502-7816",CAND-011645,"CAND-021140","j-disc-issn-2503-524X;j-disc-issn-2502-7816","JOALL (Journal of Applied Linguistics and Literature)"
"issn_l:1448-7535",CAND-011693,"CAND-023124","j-disc-issn-2209-1084;j-disc-issn-1448-7535","Journal of Perioperative Nursing"
"issn_l:2307-2075",CAND-011720,"CAND-021402","j-disc-issn-2307-2075;j-disc-issn-2596-3503","Inter"
"issn_l:2614-1094",CAND-011808,"CAND-021094","j-disc-issn-2614-1094;j-disc-issn-2614-591X","Jurnal Pendidikan Geografi Undiksha"
"issn_l:0123-4471",CAND-011839,"CAND-020998","j-disc-issn-2462-9782;j-disc-issn-0123-4471","Revista de Antropología y Sociología Virajes"
"issn_l:2302-755X",CAND-011889,"CAND-021075","j-disc-issn-2302-755X;j-disc-issn-2503-2658","Prasasti/UNS journal of language studies | PRASASTI Journal of Linguistics"
"issn_l:2830-1846",CAND-012065,"CAND-021167","j-disc-issn-2830-1846;j-disc-issn-2722-2837","Lentera Perawat"
"issn_l:2415-783X",CAND-012080,"CAND-023050","j-disc-issn-2789-1569;j-disc-issn-2415-783X","Theological Reflections Eastern European Journal of Theology"
"issn_l:1995-1477",CAND-012132,"CAND-023078","j-disc-issn-2712-8741;j-disc-issn-1995-1477","Ambulatornaya khirurgiya = Ambulatory Surgery (Russia)"
"issn_l:0250-2836",CAND-012179,"CAND-018804","j-disc-issn-2618-639X;j-disc-issn-0250-2836","Acta Veterinaria Eurasia | İstanbul Üniversitesi Veteriner Fakültesi Dergisi"
"issn_l:2597-3819",CAND-012194,"CAND-021057","j-disc-issn-2597-3819;j-disc-issn-2597-9248","Linguistic English Education and Art (LEEA) Journal"
"issn_l:2636-8110",CAND-012197,"CAND-023053","j-disc-issn-2757-6949;j-disc-issn-2636-8110","Hitit İlahiyat Dergisi"
"issn_l:1644-3985",CAND-012247,"CAND-016696","j-disc-issn-1644-3985;j-disc-issn-2956-9141","Drewno Prace Naukowe Doniesienia Komunikaty = Wood Research Papers Reports Announcements"
"issn_l:2589-9767",CAND-012320,"CAND-021081","j-disc-issn-2772-4204;j-disc-issn-2589-9767","Asian Journal of Social Health and Behavior | Social Health and Behavior"
"issn_l:2734-9314",CAND-012321,"CAND-021073","j-disc-issn-2734-9586;j-disc-issn-2734-9314","Ho Chi Minh City Open University Journal of Science- Economics and Business Administration | HO CHI MINH CITY OPEN UNIVERSITY JOURNAL OF SCIENCE - ECONOMICS AND BUSINESS ADMINISTRATION"
"issn_l:1800-3621",CAND-012342,"CAND-020700","j-disc-issn-2550-2816;j-disc-issn-1800-3621","OUSL Journal"
"issn_l:2385-5452",CAND-012488,"CAND-021177","j-disc-issn-2385-5452;j-disc-issn-2565-2915","Tiempo devorado"
"issn_l:2443-1419",CAND-012591,"CAND-021001","j-disc-issn-2443-1419;j-disc-issn-2443-3381","Jurnal Riset dan Aplikasi Akuntansi dan Manajemen"
"issn_l:0856-860X",CAND-012621,"CAND-015669","j-disc-issn-0856-860X;j-disc-issn-2683-6416","Western Indian Ocean Journal of Marine Science"
"issn_l:1229-4802",CAND-012664,"CAND-023024","j-disc-issn-2383-4870;j-disc-issn-1229-4802","Korean Journal of Critical Care Medicine | The Korean Journal of Critical Care Medicine"
"issn_l:2579-2938",CAND-012726,"CAND-021037","j-disc-issn-2738-263X;j-disc-issn-2579-2938","Journal of Sociology Bulletin of Yerevan University"
"issn_l:2086-0455",CAND-012730,"CAND-021016","j-disc-issn-2338-929X;j-disc-issn-2086-0455","JURISMA Jurnal Riset Bisnis & Manajemen"
"issn_l:1979-6668",CAND-012737,"CAND-019797","j-disc-issn-2807-1379;j-disc-issn-1979-6668","KHAZANAH PENDIDIKAN"
"issn_l:1019-8105",CAND-012802,"CAND-021187","j-disc-issn-2960-8309;j-disc-issn-1019-8105","Actas Médicas (Ecuador)"
"issn_l:0254-7597",CAND-012821,"CAND-021088","j-disc-issn-2636-2236;j-disc-issn-0254-7597","AULA Revista de Humanidades y Ciencias Sociales"
"issn_l:0130-5395",CAND-012879,"CAND-023060","j-disc-issn-2706-8145;j-disc-issn-0130-5395","Control Systems and Computers"
"issn_l:2618-5741",CAND-012919,"CAND-023005","j-disc-issn-2757-9204;j-disc-issn-2618-5741","Journal of Education and Research in Nursing"
"issn_l:1390-0110",CAND-013014,"CAND-021020","j-disc-issn-2661-6653;j-disc-issn-1390-0110","Oncología (Ecuador)"
"issn_l:0102-0811",CAND-013047,"CAND-015967;CAND-023081","j-disc-issn-2764-5290;j-disc-issn-1983-0823;j-disc-issn-0102-0811","Brazilian Journal of Biometrics | REVISTA BRASILEIRA DE BIOMETRIA"
"issn_l:0794-7976",CAND-013078,"CAND-021176","j-disc-issn-2705-327X;j-disc-issn-0794-7976","Proceedings of the Nigerian Academy of Science"
"issn_l:2775-0280",CAND-013235,"CAND-021242","j-disc-issn-2722-7251;j-disc-issn-2775-0280","Journal of Vocational Nursing"
"issn_l:2182-4452",CAND-013354,"CAND-020977","j-disc-issn-2184-2043;j-disc-issn-2182-4452","Revista Internacional em Língua Portuguesa"
"issn_l:1735-1448",CAND-013478,"CAND-022941","j-disc-issn-2717-0071;j-disc-issn-1735-1448","Journal of Shahrekord University of Medical Sciences"
"issn_l:2527-2764",CAND-013508,"CAND-021122","j-disc-issn-2527-4589;j-disc-issn-2527-2764","JIP Jurnal Ilmiah PGMI"
"issn_l:2338-2805",CAND-013512,"CAND-021004","j-disc-issn-2460-9455;j-disc-issn-2338-2805","Jurnal Ilmiah Biosaintropis (Bioscience -Tropic)"
"issn_l:1896-1800",CAND-013585,"CAND-021035","j-disc-issn-2569-653X;j-disc-issn-1896-1800","Social Psychological Bulletin"
"issn_l:1859-2244",CAND-013607,"CAND-020994","j-disc-issn-2588-123X;j-disc-issn-1859-2244","Journal of Advanced Engineering and Computation"
"issn_l:2303-0356",CAND-013701,"CAND-021087","j-disc-issn-2303-0364;j-disc-issn-2303-0356","Jurnal Akuntansi"
"issn_l:2008-7748",CAND-013758,"CAND-023138","j-disc-issn-2645-5390;j-disc-issn-2008-7748","Journal of Advanced Periodontology & Implant Dentistry"
"issn_l:2477-0280",CAND-013759,"CAND-021007","j-disc-issn-2477-0280;j-disc-issn-2355-7850","Studi Multidisipliner Jurnal Kajian Keislaman"
"issn_l:2187-2767",CAND-013920,"CAND-023170","j-disc-issn-2981-9954;j-disc-issn-2187-2767","Vocabulary Learning and Instruction"
"issn_l:2296-8725",CAND-013999,"CAND-023167","j-disc-issn-2632-9255;j-disc-issn-2296-8725","Yearbook of Swiss Administrative Sciences"
"issn_l:2687-4482",CAND-014012,"CAND-021124","j-disc-issn-2687-4482;j-disc-issn-2687-4520","Archives of Basic and Clinical Research"
"issn_l:2228-0588",CAND-014029,"CAND-015321","j-disc-issn-2228-0588;j-disc-issn-2674-4600","Baltic Journal of European Studies | TalTech journal of European studies/TalTech journal of European studies."
"issn_l:1391-4987",CAND-014083,"CAND-021060","j-disc-issn-2424-6271;j-disc-issn-1391-4987","Sri Lankan Journal of Applied Statistics"
"issn_l:2598-9677",CAND-014309,"CAND-021082","j-disc-issn-2598-9685;j-disc-issn-2598-9677","Lex Scientia Law Review"
"issn_l:2356-3672",CAND-014354,"CAND-021019","j-disc-issn-2460-0989;j-disc-issn-2356-3672","SKETSA BISNIS"
"issn_l:0854-3844",CAND-014374,"CAND-018544","j-disc-issn-2355-7826;j-disc-issn-0854-3844","BISNIS & BIROKRASI Jurnal Ilmu Administrasi dan Organisasi"
"issn_l:0927-460X",CAND-014498,"CAND-020894","j-disc-issn-2053-5341;j-disc-issn-0927-460X","Utrecht Journal of International and European Law | Merkourios Utrecht Journal of International and European Law"
"issn_l:2656-226X",CAND-014518,"CAND-021026","j-disc-issn-2656-6036;j-disc-issn-2656-226X","AL-FAHIM Jurnal Manajemen Pendidikan Islam"
"issn_l:1230-6428",CAND-014526,"CAND-023003","j-disc-issn-2545-0255;j-disc-issn-1230-6428","Fisheries & Aquatic Life"
"issn_l:2786-5584",CAND-014558,"CAND-021000","j-disc-issn-2786-5592;j-disc-issn-2786-5584","General Surgery"
"issn_l:2746-6965",CAND-014560,"CAND-021139","j-disc-issn-2746-6965;j-disc-issn-2774-2520","INSPIREE Indonesian Sport Innovation Review"
"issn_l:2788-6921",CAND-014610,"CAND-021722","j-disc-issn-2788-6921;j-disc-issn-2707-7330","Política Internacional"
"issn_l:2412-2963",CAND-014626,"CAND-021038","j-disc-issn-2520-9051;j-disc-issn-2412-2963","Yachay - Revista Científico Cultural"
"issn_l:1898-7435",CAND-014652,"CAND-015364","j-disc-issn-2720-7277;j-disc-issn-1898-7435","Social Entrepreneurship Review | Ekonomia Społeczna"
"issn_l:1687-4161",CAND-014679,"CAND-023086","j-disc-issn-2510-523X;j-disc-issn-1687-4161","EURASIP Journal on Information Security"
"issn_l:1512-3901",CAND-014689,"CAND-020999","j-disc-issn-2587-5310;j-disc-issn-1512-3901","Economic Profile"
"issn_l:0328-1396",CAND-014702,"CAND-021136","j-disc-issn-2683-7307;j-disc-issn-0328-1396","Teología"
"issn_l:1870-6703",CAND-014743,"CAND-014886","j-disc-issn-2954-3967;j-disc-issn-1870-6703","Xihmai"
"issn_l:2149-4878",CAND-014894,"CAND-019537","j-disc-issn-2149-6374;j-disc-issn-2149-4878","Kadin ve Demokrasi Dernegi | KADEM Kadın Araştırmaları Dergisi"
"issn_l:2955-1617",CAND-014904,"CAND-021168","j-disc-issn-2955-1617;j-disc-issn-2955-1625","African Scientific Reports"
"issn_l:2407-5957",CAND-014972,"CAND-021084","j-disc-issn-2407-5957;j-disc-issn-2407-4438","CSID Journal of Infrastructure Development"
"issn_l:2088-8686",CAND-014998,"CAND-021072","j-disc-issn-2686-0864;j-disc-issn-2088-8686","SCRIPTA SCORE Scientific Medical Journal"
"issn_l:2615-4684",CAND-015038,"CAND-021028","j-disc-issn-2615-6938;j-disc-issn-2615-4684","Indonesian Values and Character Education Journal"
"issn_l:2661-5169",CAND-015049,"CAND-020699","j-disc-issn-2661-5282;j-disc-issn-2661-5169","Green Blue and Digital Economy Journal"
"issn_l:2581-2424",CAND-015065,"CAND-021055","j-disc-issn-2581-2424;j-disc-issn-2597-3657","Jurnal Ilmiah Dinamika Sosial"
"issn_l:1979-1127",CAND-015075,"CAND-018153","j-disc-issn-2502-7433;j-disc-issn-1979-1127","At-Tadbir jurnal ilmiah manajemen"
"issn_l:0214-0071",CAND-015095,"CAND-016557","j-disc-issn-0214-0071;j-disc-issn-2386-4095","Motricidad | European journal of human movement"
"issn_l:2528-1879",CAND-015151,"CAND-021069","j-disc-issn-2528-1879;j-disc-issn-2541-1470","Jurnal Ilmu Ekonomi Terapan"
"issn_l:2241-8229",CAND-015159,"CAND-023130","j-disc-issn-2653-9411;j-disc-issn-2241-8229","ATHENS JOURNAL OF HEALTH & MEDICAL SCIENCES"
"issn_l:1735-4242",CAND-015187,"CAND-023180","j-disc-issn-2645-3452;j-disc-issn-1735-4242","Strides in development of medical education"
"issn_l:2616-0064",CAND-015202,"CAND-016030","j-disc-issn-2676-1327;j-disc-issn-2616-0064","Journal of Karnali Academy of Health Sciences"
"issn_l:1693-7619",CAND-015260,"CAND-015801","j-disc-issn-2460-8424;j-disc-issn-1693-7619","Jurnal Ilmiah Manajemen dan Bisnis"
"issn_l:2721-1096",CAND-015274,"CAND-021163","j-disc-issn-2721-1916;j-disc-issn-2721-1096","JELITA"
"issn_l:1407-5229",CAND-015360,"CAND-022662","j-disc-issn-1407-5229;j-disc-issn-2454-1001","Folia Geographica"
"issn_l:2613-9995",CAND-015437,"CAND-020974","j-disc-issn-2614-0179;j-disc-issn-2613-9995","Ajudikasi Jurnal Ilmu Hukum"
"issn_l:2630-0672",CAND-015508,"CAND-021250","j-disc-issn-2672-9431;j-disc-issn-2630-0672","LEARN Journal : Language Education and Acquisition Research Network"
"issn_l:2581-2130",CAND-015531,"CAND-018027","j-disc-issn-2598-1803;j-disc-issn-2581-2130","Lire Journal (Journal of Linguistics and Literature)"
"issn_l:1693-6191",CAND-015532,"CAND-021133","j-disc-issn-2715-7660;j-disc-issn-1693-6191","Jurnal Teknik"
"issn_l:2006-4772",CAND-015645,"CAND-020648","j-disc-issn-2714-2426;j-disc-issn-2006-4772","Kanem Journal of Medical Sciences"
"issn_l:1999-7566",CAND-015653,"CAND-016113","j-disc-issn-2664-5947;j-disc-issn-1999-7566","Geology and Mineral Resources of World Ocean"
"issn_l:2549-3035",CAND-015672,"CAND-021182","j-disc-issn-2829-3703;j-disc-issn-2549-3035","Al Karima Jurnal Studi Ilmu Al Quran dan Tafsir"
"issn_l:2721-2904",CAND-015756,"CAND-021131","j-disc-issn-2721-2904;j-disc-issn-2721-3242","International Journal on Research in STEM Education"
"issn_l:2085-9880",CAND-015812,"CAND-021180","j-disc-issn-2407-7445;j-disc-issn-2085-9880","Paedagogi Jurnal Kajian Ilmu Pendidikan (e-journal)"
"issn_l:2549-3086",CAND-015836,"CAND-021112","j-disc-issn-2657-1676;j-disc-issn-2549-3086","JAS (Jurnal Akuntansi Syariah)"
"issn_l:1909-0811",CAND-016010,"CAND-018860","j-disc-issn-2805-9204;j-disc-issn-1909-0811","Revista Sapientía"
"issn_l:2656-2855",CAND-016031,"CAND-020989","j-disc-issn-2685-5518;j-disc-issn-2656-2855","Jurnal Informatika dan Rekayasa Perangkat Lunak"
"issn_l:2786-0132",CAND-016045,"CAND-016367","j-disc-issn-2786-0132;j-disc-issn-2356-8291","المجلة المصرية لعلوم المعلومات | المجلة المصریة لعلوم المعلومات"
"issn_l:2738-2699",CAND-016249,"CAND-021123","j-disc-issn-2738-2826;j-disc-issn-2738-2699","Translation Studies Theory and Practice"
"issn_l:2682-7298",CAND-016258,"CAND-021109","j-disc-issn-2792-1093;j-disc-issn-2682-7298","Sri Lanka Journal of Management Studies"
"issn_l:2089-1814",CAND-016293,"CAND-021062","j-disc-issn-2460-3694;j-disc-issn-2089-1814","Eksplora Informatika"
"issn_l:2548-9119",CAND-016325,"CAND-021030","j-disc-issn-2549-1113;j-disc-issn-2548-9119","Autentik Jurnal Pengembangan Pendidikan Dasar"
"issn_l:2355-004X",CAND-016365,"CAND-021098","j-disc-issn-2502-6801;j-disc-issn-2355-004X","Getsempena English Education Journal"
"issn_l:2047-2870",CAND-016378,"CAND-019449","j-disc-issn-2398-6786;j-disc-issn-2047-2870","Orbit A Journal of American Literature | Orbit Writing Around Pynchon"
"issn_l:2350-1863",CAND-016417,"CAND-021052","j-disc-issn-2354-337X;j-disc-issn-2350-1863","Fountain Journal of Natural and Applied Sciences"
"issn_l:0112-7438",CAND-016492,"CAND-023162","j-disc-issn-2703-4542;j-disc-issn-0112-7438","Nursing Praxis in Aotearoa New Zealand"
"issn_l:2548-334X",CAND-016524,"CAND-021059","j-disc-issn-2548-3358;j-disc-issn-2548-334X","FOKUS Jurnal Kajian Keislaman dan Kemasyarakatan"
"issn_l:2086-9932",CAND-016537,"CAND-021101","j-disc-issn-2502-616X;j-disc-issn-2086-9932","Studi Arab"
"issn_l:2148-3809",CAND-016544,"CAND-018879","j-disc-issn-2147-9054;j-disc-issn-2587-2303","TURKISH JOURNAL OF ISLAMIC ECONOMICS | Turkish journal of islamic economics"
"issn_l:2716-2605",CAND-016558,"CAND-021171","j-disc-issn-2716-2605;j-disc-issn-2721-0677","LAN TABUR Jurnal Ekonomi Syariah"
"issn_l:2302-8106",CAND-016575,"CAND-021114","j-disc-issn-2656-4718;j-disc-issn-2302-8106","Jurnal Ranah Komunikasi (JRK)"
"issn_l:2085-4366",CAND-016649,"CAND-020990","j-disc-issn-2684-950X;j-disc-issn-2085-4366","JURNAL ILMIAH KESEHATAN MASYARAKAT Media Komunikasi Komunitas Kesehatan Masyarakat"
"issn_l:2273-774X",CAND-016739,"CAND-022936","j-disc-issn-2824-3633;j-disc-issn-2273-774X","INRAE productions animales | INRAE Productions Animales"
"issn_l:2148-6026",CAND-016759,"CAND-021053","j-disc-issn-2687-4121;j-disc-issn-2148-6026","Journal of The Near East University Faculty of Theology"
"issn_l:0304-4793",CAND-016815,"CAND-023004","j-disc-issn-2667-7466;j-disc-issn-0304-4793","Turkish archives of otorhinolaryngology | Turkish Archives of Otorhinolaryngology"
"issn_l:0992-986X",CAND-016851,"CAND-023090","j-disc-issn-2397-8570;j-disc-issn-0992-986X","International review of social psychology | International Review of Social Psychology"
"issn_l:2339-0344",CAND-016880,"CAND-020968","j-disc-issn-2503-2305;j-disc-issn-2339-0344","Journal of Vocational and Career Education"
"issn_l:2685-6905",CAND-016916,"CAND-021066","j-disc-issn-2685-7812;j-disc-issn-2685-6905","Mazahibuna"
"issn_l:2615-4285",CAND-016946,"CAND-021045","j-disc-issn-2615-5508;j-disc-issn-2615-4285","JURNAL DIKDAS BANTARA"
"issn_l:2339-0794",CAND-016948,"CAND-021056","j-disc-issn-2477-0515;j-disc-issn-2339-0794","JURNAL NALAR PENDIDIKAN"
"issn_l:2550-2530",CAND-016988,"CAND-021018","j-disc-issn-2738-2028;j-disc-issn-2550-2530","Journal of Business and Technology"
"issn_l:1472-9466",CAND-017032,"CAND-023045","j-disc-issn-2631-9713;j-disc-issn-1472-9466","History Education Research Journal"
"issn_l:1665-8612",CAND-017093,"CAND-023083","j-disc-issn-2992-6823;j-disc-issn-1665-8612","Revista del Centro de Investigación de la Universidad la Salle"
"issn_l:2686-021X",CAND-017097,"CAND-021135","j-disc-issn-2686-021X;j-disc-issn-2722-4554","Indonesian Journal of Anesthesiology and Reanimation"
"issn_l:0794-800X",CAND-017120,"CAND-021247","j-disc-issn-1596-2431;j-disc-issn-0794-800X","AFRICAN JOURNAL OF PHARMACEUTICAL RESEARCH AND DEVELOPMENT"
"issn_l:2355-6773",CAND-017289,"CAND-017303","j-disc-issn-2477-4405;j-disc-issn-2355-6773","Jurnal Keperawatan Aisyiyah"
"issn_l:2775-5789",CAND-017297,"CAND-021249","j-disc-issn-2775-5789;j-disc-issn-2962-746X","Dawuh Guru Jurnal Pendidikan MI/SD"
"issn_l:1846-4580",CAND-017396,"CAND-017452","j-disc-issn-1846-4580;j-disc-issn-1846-4599","Kairos"
"issn_l:2686-5343",CAND-017491,"CAND-020988","j-disc-issn-2715-7989;j-disc-issn-2686-5343","Jurnal Kajian Anak (J-Sanak)"
"issn_l:1979-018X",CAND-017520,"CAND-021091","j-disc-issn-2460-0385;j-disc-issn-1979-018X","ROTOR"
"issn_l:2251-807X",CAND-017555,"CAND-020900","j-disc-issn-2383-2088;j-disc-issn-2251-807X","Journal of Health and Safety at Work | Bihdāsht va īminī-i kār/Bihdāsht va īminī-i kār"
"issn_l:3041-2056",CAND-017556,"CAND-018914","j-disc-issn-3041-2056;j-disc-issn-2617-0302","Musicology of Kyiv"
"issn_l:1405-1451",CAND-017597,"CAND-020218","j-disc-issn-2954-5056;j-disc-issn-1405-1451","Revista Jurídica Jalisciense"
"issn_l:2746-5276",CAND-017612,"CAND-021039","j-disc-issn-2746-5276;j-disc-issn-2775-0116","Media Jurnal Filsafat dan Teologi"
"issn_l:2971-5121",CAND-017627,"CAND-019068","j-disc-issn-3027-1819;j-disc-issn-2971-5121","International Journal of Home Economics Hospitality and Allied Research"
"issn_l:2549-4813",CAND-017669,"CAND-021120","j-disc-issn-2549-368X;j-disc-issn-2549-4813","IJ-ATL (International Journal of Arabic Teaching and Learning)"
"issn_l:1894-8693",CAND-017752,"CAND-017905","j-disc-issn-1894-8693;j-disc-issn-2703-7045","Nordisk politiforskning | Nordic Journal of Studies in Policing"
"issn_l:0972-9968",CAND-017763,"CAND-019795","j-disc-issn-2633-0091;j-disc-issn-0972-9968","Rajagiri Management Journal"
"issn_l:2636-5839",CAND-017764,"CAND-021170","j-disc-issn-2814-2446;j-disc-issn-2636-5839","Ahyu A Journal of Language and Literature"
"issn_l:2986-4585",CAND-017765,"CAND-021181","j-disc-issn-2986-4585;j-disc-issn-2774-7980","AQWAL Journal of Qur an and Hadis Studies"
"issn_l:2549-8851",CAND-017788,"CAND-020978","j-disc-issn-2549-8851;j-disc-issn-2580-412X","Journal of Moral and Civic Education"
"issn_l:2828-2310",CAND-017879,"CAND-021166","j-disc-issn-2828-2310;j-disc-issn-2828-271X","Chemistry and Materials"
"issn_l:1412-5366",CAND-017890,"CAND-021012","j-disc-issn-2459-9816;j-disc-issn-1412-5366","Jurnal Ekonomi Akuntansi dan Manajemen"
"issn_l:2657-0440",CAND-017907,"CAND-021093","j-disc-issn-2686-0740;j-disc-issn-2657-0440","ARITHMETIC Academic Journal of Math"
"issn_l:2251-9092",CAND-017939,"CAND-021125","j-disc-issn-2251-9106;j-disc-issn-2251-9092","The Journal of Planning and Budgeting"
"issn_l:2775-1236",CAND-018073,"CAND-021023","j-disc-issn-2775-2119;j-disc-issn-2775-1236","Al-Hilal Journal of Islamic Astronomy"
"issn_l:1853-0710",CAND-018114,"CAND-020983","j-disc-issn-2314-2502;j-disc-issn-1853-0710","Boletín de Arte"
"issn_l:2746-3206",CAND-018213,"CAND-021162","j-disc-issn-2746-3206;j-disc-issn-2797-8370","Nabawi Journal of Hadith Studies"
"issn_l:2797-6432",CAND-018214,"CAND-021173","j-disc-issn-2797-6432;j-disc-issn-2797-4014","JIEF Journal of Islamic Economics and Finance"
"issn_l:2517-9861",CAND-018347,"CAND-020436","j-disc-issn-2788-9114;j-disc-issn-2517-9861","The Journal of Geography Education in Africa | Journal of Geography Education in Africa (JoGEA)"
"issn_l:2550-6641",CAND-018355,"CAND-020653","j-disc-issn-2661-6513;j-disc-issn-2550-6641","Estudios de la Gestión revista internacional de administración"
"issn_l:2715-2448",CAND-018457,"CAND-020701","j-disc-issn-2715-7199;j-disc-issn-2715-2448","Buana Information Technology and Computer Sciences (BIT and CS)"
"issn_l:2548-5261",CAND-018463,"CAND-020987","j-disc-issn-2548-527X;j-disc-issn-2548-5261","AFEBI Economic and Finance Review"
"issn_l:2987-4009",CAND-018480,"CAND-021184","j-disc-issn-2987-4009;j-disc-issn-2987-5404","Media Ilmiah Kesehatan Indonesia"
"issn_l:2717-7408",CAND-018574,"CAND-019971","j-disc-issn-2717-7408;j-disc-issn-2757-9247","Turkish Journal of Diaspora Studies"
"issn_l:1391-1996",CAND-018600,"CAND-021183","j-disc-issn-2773-6989;j-disc-issn-1391-1996","Gajah"
"issn_l:2338-2074",CAND-018662,"CAND-021079","j-disc-issn-2621-296X;j-disc-issn-2338-2074","Jurnal Ilmu Keperawatan Anak"
"issn_l:2715-4408",CAND-018697,"CAND-020973","j-disc-issn-2715-4416;j-disc-issn-2715-4408","LETS Journal of Linguistics and English Teaching Studies"
"issn_l:2783-8676",CAND-018698,"CAND-021245","j-disc-issn-2783-8676;j-disc-issn-2783-8897","Journal of South Asian Logistics and Transport"
"issn_l:3106-5406",CAND-018710,"CAND-020706","j-disc-issn-2959-121X;j-disc-issn-3106-5406","Journal of Medicinal and Industrial Plant Sciences"
"issn_l:2723-3596",CAND-018725,"CAND-021113","j-disc-issn-2746-0509;j-disc-issn-2723-3596","Al-Ma mun Jurnal Kajian Kepustakawanan dan Informasi"
"issn_l:1596-0544",CAND-018789,"CAND-021188","j-disc-issn-1596-0757;j-disc-issn-1596-0544","Recent Advances in Natural Sciences"
"issn_l:3025-2512",CAND-018840,"CAND-021251","j-disc-issn-3025-3047;j-disc-issn-3025-2512","Literasi Kesehatan Husada. | Literasi Kesehatan Husada"
"issn_l:2775-0760",CAND-018889,"CAND-021240","j-disc-issn-2775-0760;j-disc-issn-2776-8457","Journal of Comparative Study of Religions"
"issn_l:2232-1926",CAND-018906,"CAND-023187","j-disc-issn-2821-2916;j-disc-issn-2232-1926","Asian Journal of ASSESSMENT in Teaching and Learning | Asian Journal of Assessment in Teaching and Learning"
"issn_l:2774-7999",CAND-018935,"CAND-021178","j-disc-issn-2774-8723;j-disc-issn-2774-7999","El Tarikh Journal of History Culture and Islamic Civilization"
"issn_l:2809-1345",CAND-018975,"CAND-021175","j-disc-issn-2809-5359;j-disc-issn-2809-1345","Jurnal Inovasi Pendidikan Agama Islam (JIPAI)"
"issn_l:2987-6575",CAND-019009,"CAND-021185","j-disc-issn-2987-6893;j-disc-issn-2987-6575","Journal of Islamic Education and Ethics"
"issn_l:3063-4563",CAND-019012,"CAND-021252","j-disc-issn-3063-4563;j-disc-issn-3063-5527","Khidmat. | Khidmat,"
"issn_l:1833-5233",CAND-019059,"CAND-019086","j-disc-issn-2205-3166;j-disc-issn-1833-5233","New Voices in Japanese Studies | New Voices"
"issn_l:3021-8101",CAND-019080,"CAND-021192","j-disc-issn-3021-8101;j-disc-issn-3025-2369","IREELL Indonesian Review of English Education Linguistics and Literature"
"issn_l:2087-5010",CAND-019127,"CAND-021253","j-disc-issn-3047-9444;j-disc-issn-2087-5010","Analisis Sejarah."
"issn_l:3025-1842",CAND-019177,"CAND-021195","j-disc-issn-3025-7638;j-disc-issn-3025-1842","International Journal of Research in Mathematics Education"
"issn_l:0121-3520",CAND-019220,"CAND-020972","j-disc-issn-2145-5236;j-disc-issn-0121-3520","Revista Novedades Colombianas"
"issn_l:2228-9135",CAND-019246,"CAND-021172","j-disc-issn-2228-9194;j-disc-issn-2228-9135","International Journal of Building Urban Interior and Landscape Technology (BUILT)"
"issn_l:2797-8125",CAND-019312,"CAND-021164","j-disc-issn-2797-8125;j-disc-issn-2798-0383","Maliki Islamic Economics Journal"
"issn_l:1854-3332",CAND-019372,"CAND-019585","j-disc-issn-1854-3332;j-disc-issn-2784-7497","Logistics Supply Chain Sustainability and Global Challenges"
"issn_l:2621-2978",CAND-019384,"CAND-021092","j-disc-issn-2621-2978;j-disc-issn-2685-9394","Jurnal Ilmu Keperawatan Jiwa"
"issn_l:1829-4405",CAND-019399,"CAND-020131","j-disc-issn-2738-2931;j-disc-issn-1829-4405","International Journal of Armenian Genocide Studies"
"issn_l:2757-9999",CAND-019446,"CAND-021257","j-disc-issn-2822-468X;j-disc-issn-2757-9999","Nesir Edebiyat Araştırmaları Dergisi"
"issn_l:0325-772X",CAND-019544,"CAND-021090","j-disc-issn-2525-0884;j-disc-issn-0325-772X","Res Gesta"
"issn_l:2988-2745",CAND-019601,"CAND-021190","j-disc-issn-2988-2745;j-disc-issn-2988-2753","Lareh Law Review"
"issn_l:3026-2550",CAND-019602,"CAND-021196","j-disc-issn-3026-2550;j-disc-issn-3031-0636","Jurnal Konatif Jurnal Ilmiah Pendidikan"
"issn_l:1735-2363",CAND-019625,"CAND-021003","j-disc-issn-2322-5564;j-disc-issn-1735-2363","Scientific research journal of Health System Research"
"issn_l:2807-8225",CAND-019758,"CAND-021244","j-disc-issn-2807-8683;j-disc-issn-2807-8225","Semarang State University Undergraduate Law and Society Review"
"issn_l:2986-6391",CAND-019772,"CAND-021186","j-disc-issn-2988-3504;j-disc-issn-2986-6391","Journal of Safety Education"
"issn_l:2988-7461",CAND-019773,"CAND-021189","j-disc-issn-2988-747X;j-disc-issn-2988-7461","Jurnal Ilmiah Informatika dan Ilmu Komputer (JIMA-ILKOM)"
"issn_l:2460-8599",CAND-019843,"CAND-021009","j-disc-issn-2581-2807;j-disc-issn-2460-8599","JP3M (Jurnal Penelitian Pendidikan dan Pengajaran Matematika)"
"issn_l:1675-722X",CAND-019880,"CAND-021179","j-disc-issn-2590-423X;j-disc-issn-2811-3799","International Journal of Banking and Finance"
"issn_l:2775-7218",CAND-019986,"CAND-021194","j-disc-issn-3025-9657;j-disc-issn-2775-7218","Warkat"
"issn_l:1301-3394",CAND-020021,"CAND-023168","j-disc-issn-2980-2482;j-disc-issn-1301-3394","Uludağ İlahiyat Dergisi"
"issn_l:2776-9682",CAND-020027,"CAND-020473","j-disc-issn-2776-9682;j-disc-issn-2798-396X","Business and Economic Analysis Journal"
"issn_l:3025-9401",CAND-020088,"CAND-021246","j-disc-issn-3025-9401;j-disc-issn-3030-9360","Delicti Jurnal Hukum Pidana Dan Kriminologi"
"issn_l:1590-492X",CAND-020183,"CAND-020949","j-disc-issn-1825-8670;j-disc-issn-1590-492X","Encyclopaideia"
"issn_l:0800-2452",CAND-020250,"CAND-020277","j-disc-issn-0800-2452;j-disc-issn-2703-8327","Dance Articulated"
"issn_l:1324-4558",CAND-020483,"CAND-021371","j-disc-issn-1324-4558;j-disc-issn-2617-1953","Limina"
"issn_l:1224-5178",CAND-020540,"CAND-020980","j-disc-issn-3100-5098;j-disc-issn-1224-5178","Scientific Bulletin (Scientific Bulletin of the Nicolae Balcescu Land Forces Academy Siblu Romania) | Scientific Bulletin"
"issn_l:2423-6772",CAND-020659,"CAND-020886","j-disc-issn-2423-6772;j-disc-issn-2423-6764","Health Research in Community | Journal of Health research in community"
"issn_l:1693-4040",CAND-021014,"CAND-023127","j-disc-issn-2599-0551;j-disc-issn-1693-4040","Afkaruna : Indonesian Interdisciplinary Journal of Islamic Studies | Afkaruna Indonesian Interdisciplinary Journal of Islamic Studies"
"issn_l:0326-3401",CAND-021308,"CAND-022974","j-disc-issn-2314-3312;j-disc-issn-0326-3401","Revista del Hospital Italiano de Buenos Aires"
"issn_l:2965-8101",CAND-021424,"CAND-022715","j-disc-issn-2965-8101;j-disc-issn-2624-8417","Cognitio"
"issn_l:0120-3347",CAND-021648,"CAND-022918","j-disc-issn-2256-2087;j-disc-issn-0120-3347","Colombian Journal of Anesthesiology"
"issn_l:1316-7081",CAND-021649,"CAND-023097","j-disc-issn-2389-9484;j-disc-issn-1316-7081","Ciencia e Ingeniería"
"issn_l:1978-8304",CAND-021894,"CAND-023181","j-disc-issn-2580-4154;j-disc-issn-1978-8304","Jurnal Penelitian Pendidikan | Jurnal Penelitian Pendidikan/Jurnal penelitian pendidikan"
"issn_l:0038-0806",CAND-022453,"CAND-022894","j-disc-issn-2524-1788;j-disc-issn-0038-0806","Soils and Foundations | SOILS AND FOUNDATIONS"
"issn_l:0509-6669",CAND-022513,"CAND-022952","j-disc-issn-2545-2835;j-disc-issn-0509-6669","Transactions on Aerospace Research | Transactions of the Institute of Aviation"
"issn_l:0860-8229",CAND-022522,"CAND-022948","j-disc-issn-2300-1941;j-disc-issn-0860-8229","Metrology and Measurement Systems"
"issn_l:1681-1178",CAND-022652,"CAND-022973","j-disc-issn-1681-1208;j-disc-issn-1681-1178","Russian Journal of Earth Sciences | Rossijskij žurnal nauk o zemle/Russian journal of earth sciences"
"issn_l:1133-3030",CAND-022684,"CAND-023125","j-disc-issn-1575-9733;j-disc-issn-1133-3030","Cuadernos de Documentación Multimedia | Cuardernos de documentación multimedia/Cuadernos de documentación multimedia"
"issn_l:0537-3522",CAND-022698,"CAND-022953","j-disc-issn-2339-6989;j-disc-issn-0537-3522","Indice Histórico Español | Índice Histórico Español"
"issn_l:1686-9664",CAND-022740,"CAND-022745","j-disc-issn-2985-2625;j-disc-issn-1686-9664","Journal of Science and Technology Mahasarakham University | Warasan Witthayasat Lae Theknoloyi Mahawitthayalai Mahasarakham"
"issn_l:2147-2122",CAND-022752,"CAND-023035","j-disc-issn-2667-4610;j-disc-issn-2147-2122","Bulletin of Urooncology"
"issn_l:0303-9692",CAND-022801,"CAND-022921","j-disc-issn-2235-6282;j-disc-issn-0303-9692","Swiss Journal of Economics and Statistics | Zeitschrift für schweizerische Statistik und Volkswirtschaft/Schweizerische Zeitschrift für Volkswirtschaft und Statistik/Swiss journal of economics and statistics"
