posi_id,field,journal,was,now,file
POSI-J-000647,publisher,Journal of the American Heart Association,Wiley,Ovid Technologies (Wolters Kluwer) - American Heart Association,journals/discovered/initial-journal-migration-2026.jsonl
POSI-J-000653,publisher,International Journal of Food Science & Technology,Wiley,Oxford University Press,journals/core/09/POSI-J-000653.json
POSI-J-000752,publisher,Journal of Veterinary Internal Medicine,Wiley,Oxford University Press,journals/discovered/initial-journal-migration-2026.jsonl
POSI-J-000908,publisher,Tellus A Dynamic Meteorology and Oceanography,Wiley,Stockholm University Press,journals/discovered/initial-journal-migration-2026.jsonl
POSI-J-000970,publisher,Journal of Synchrotron Radiation,Wiley,International Union of Crystallography,journals/discovered/initial-journal-migration-2026.jsonl
POSI-J-001181,publisher,Zygon®,Wiley,Open Library of the Humanities,journals/discovered/initial-journal-migration-2026.jsonl
POSI-J-001189,publisher,ESC Heart Failure,Wiley,Oxford University Press,journals/discovered/initial-journal-migration-2026.jsonl
POSI-J-001206,publisher,NAVIGATION Journal of the Institute of Navigation,Wiley,Institute of Navigation,journals/discovered/initial-journal-migration-2026.jsonl
POSI-J-001288,publisher,Journal of Occupational Health,Wiley,Oxford University Press,journals/discovered/initial-journal-migration-2026.jsonl
POSI-J-001382,publisher,Social Anthropology,Wiley,Berghahn Books,journals/discovered/initial-journal-migration-2026.jsonl
POSI-J-001401,publisher,Australian Journal of Psychology,Wiley,Informa UK (Taylor & Francis),journals/discovered/initial-journal-migration-2026.jsonl
POSI-J-001414,publisher,Lethaia,Wiley,Scandinavian University Press,journals/discovered/initial-journal-migration-2026.jsonl
POSI-J-001448,publisher,dialectica,Wiley,Verein philosophie.ch,journals/discovered/initial-journal-migration-2026.jsonl
POSI-J-001691,publisher,Stem Cells Translational Medicine,Wiley,Oxford University Press,journals/discovered/initial-journal-migration-2026.jsonl
POSI-J-001715,publisher,Stroke Vascular and Interventional Neurology,Wiley,Ovid Technologies (Wolters Kluwer) - American Heart Association,journals/discovered/initial-journal-migration-2026.jsonl
POSI-J-001758,publisher,Polar Research,Wiley,Norwegian Polar Institute,journals/discovered/initial-journal-migration-2026.jsonl
POSI-J-002559,publisher,BJS Open,Wiley,Oxford University Press,journals/discovered/initial-journal-migration-2026.jsonl
POSI-J-002672,publisher,Cultural Anthropology,Wiley,American Anthropological Association,journals/discovered/initial-journal-migration-2026.jsonl
POSI-J-002682,publisher,International Labour Review,Wiley,Open Library of the Humanities,journals/discovered/initial-journal-migration-2026.jsonl
POSI-J-002955,publisher,JBMR Plus,Wiley,Oxford University Press,journals/discovered/initial-journal-migration-2026.jsonl
POSI-J-003094,publisher,Revista Internacional del Trabajo,Wiley,Open Library of the Humanities,journals/discovered/initial-journal-migration-2026.jsonl
POSI-J-003195,publisher,Journal of Computer-Mediated Communication,Wiley,Oxford University Press,journals/discovered/initial-journal-migration-2026.jsonl
POSI-J-003526,publisher,Endocrinology Diabetes and Metabolism Case Reports,Wiley,Bioscientifica,journals/discovered/initial-journal-migration-2026.jsonl
POSI-J-003990,publisher,Revue internationale du Travail,Wiley,Open Library of the Humanities,journals/discovered/initial-journal-migration-2026.jsonl
POSI-J-004952,publisher,Marine and Coastal Fisheries,Wiley,Oxford University Press,journals/discovered/initial-journal-migration-2026.jsonl
POSI-J-005451,publisher,Skin Health and Disease,Wiley,Oxford University Press,journals/discovered/initial-journal-migration-2026.jsonl
POSI-J-006114,publisher,Quantitative Economics,Wiley,The Econometric Society,journals/discovered/initial-journal-migration-2026.jsonl
POSI-J-006534,publisher,Evolution Letters,Wiley,Oxford University Press,journals/discovered/initial-journal-migration-2026.jsonl
POSI-J-007354,publisher,Fossil record,Wiley,Pensoft Publishers,journals/discovered/initial-journal-migration-2026.jsonl
POSI-J-016613,title,Neuroprotection,"Neuroprotection/Neuroprotection (Chichester, England. Print)",Neuroprotection,journals/discovered/initial-journal-migration-2026.jsonl
POSI-J-022511,publisher,European Journal of Political Research,Wiley,Cambridge University Press,journals/discovered/initial-journal-migration-2026.jsonl
