Consortium of Swiss Academic Libraries,,
Frontiers: Title list for Open Access publishing,,
This title list reflects journal titles which allow Open Access publishing in the framework of the Consortium agreement.,,
Relevant date for article eligibility: acceptance date 01.01.2026-31.12.2026,,
Article quota: depending on institution's chosen model,,
See also second tab of this list for the Society Journals,,
Last update: 23.02.2026/AKO,,
,,
Frontiers and Hosted Journals (last updated by Frontiers in January 2025),,
Journals | Frontiers (frontiersin.org),,
"As of December 2024, Frontiers has changed the price list currency from USD to CHF. Our institutional partners will see the APC price in CHF in the dashboard until an article is accepted. An accepted and approved article will be invoiced in the preferred currency. ",,
,,
Journal,ISSN,URL
Advanced Optical Technologies,2192-8584,https://www.frontiersin.org/journals/advanced-optical-technologies
Frontiers in Acoustics,2813-8082,https://www.frontiersin.org/journals/acoustics
Frontiers in Adolescent Medicine,2813-8589,https://www.frontiersin.org/journals/adolescent-medicine
Frontiers in Aerospace Engineering,2813-2831,https://www.frontiersin.org/journals/aerospace-engineering
Frontiers in Aging,2673-6217,https://www.frontiersin.org/journals/aging
Frontiers in Aging Neuroscience,1663-4365,https://www.frontiersin.org/journals/aging-neuroscience
Frontiers in Agronomy,2673-3218,https://www.frontiersin.org/journals/agronomy
Frontiers in Allergy,2673-6101,https://www.frontiersin.org/journals/allergy
Frontiers in Amphibian and Reptile Science,2813-6780,https://www.frontiersin.org/journals/amphibian-and-reptile-science
Frontiers in Analytical Science,2673-9283,https://www.frontiersin.org/journals/analytical-science
Frontiers in Anesthesiology,2813-480X,https://www.frontiersin.org/journals/anesthesiology
Frontiers in Animal Science,2673-6225,https://www.frontiersin.org/journals/animal-science
Frontiers in Antennas and Propagation,2813-4680,https://www.frontiersin.org/journals/antennas-and-propagation
Frontiers in Antibiotics,2813-2467,https://www.frontiersin.org/journals/antibiotics
Frontiers in Applied Mathematics and Statistics,2297-4687,https://www.frontiersin.org/journals/applied-mathematics-and-statistics
Frontiers in Aquaculture,2813-5334,https://www.frontiersin.org/journals/aquaculture
Frontiers in Arachnid Science,2813-5083,https://www.frontiersin.org/journals/arachnid-science
Frontiers in Artificial Intelligence,2624-8212,https://www.frontiersin.org/journals/artificial-intelligence
Frontiers in Astronomy and Space Sciences,2296-987X,https://www.frontiersin.org/journals/astronomy-and-space-sciences
Frontiers in Audiology and Otology,2813-6055,https://www.frontiersin.org/journals/audiology-and-otology
Frontiers in Bacteriology,2813-6144,https://www.frontiersin.org/journals/bacteriology
Frontiers in Batteries and Electrochemistry,2813-4974,https://www.frontiersin.org/journals/batteries-and-electrochemistry
Frontiers in Bee Science,2813-5911,https://www.frontiersin.org/journals/bee-science
Frontiers in Behavioral Economics,2813-5296,https://www.frontiersin.org/journals/behavioral-economics
Frontiers in Behavioral Neuroscience,1662-5153,https://www.frontiersin.org/journals/behavioral-neuroscience
Frontiers in Big Data,2624-909X,https://www.frontiersin.org/journals/big-data
Frontiers in Bioengineering and Biotechnology,2296-4185,https://www.frontiersin.org/journals/bioengineering-and-biotechnology
Frontiers in Bioinformatics,2673-7647,https://www.frontiersin.org/journals/bioinformatics
Frontiers in Biomaterials Science,2813-3749,https://www.frontiersin.org/journals/biomaterials-science
Frontiers in Biophysics,2813-7183,https://www.frontiersin.org/journals/biophysics
Frontiers in Bird Science,2813-3870,https://www.frontiersin.org/journals/bird-science
Frontiers in Blockchain,2624-7852,https://www.frontiersin.org/journals/blockchain
Frontiers in Built Environment,2297-3362,https://www.frontiersin.org/journals/built-environment
Frontiers in Cancer Control and Society,2813-835X,https://www.frontiersin.org/journals/cancer-control-and-society
Frontiers in Carbon,2813-4192,https://www.frontiersin.org/journals/carbon
Frontiers in Cardiovascular Medicine,2297-055X,https://www.frontiersin.org/journals/cardiovascular-medicine
Frontiers in Catalysis,2673-7841,https://www.frontiersin.org/journals/catalysis
Frontiers in Cell and Developmental Biology,2296-634X,https://www.frontiersin.org/journals/cell-and-developmental-biology
Frontiers in Cell Death,2813-5563,https://www.frontiersin.org/journals/cell-death
Frontiers in Cellular and Infection Microbiology,2235-2988,https://www.frontiersin.org/journals/cellular-and-infection-microbiology
Frontiers in Cellular Neuroscience,1662-5102,https://www.frontiersin.org/journals/cellular-neuroscience
Frontiers in Ceramics,2813-611X,https://www.frontiersin.org/journals/ceramics
Frontiers in Chemical Biology,2813-530X,https://www.frontiersin.org/journals/chemical-biology
Frontiers in Chemical Engineering,2673-2718,https://www.frontiersin.org/journals/chemical-engineering
Frontiers in Chemistry,2296-2646,https://www.frontiersin.org/journals/chemistry
Frontiers in Child and Adolescent Psychiatry,2813-4540,https://www.frontiersin.org/journals/child-and-adolescent-psychiatry
Frontiers in Climate,2624-9553,https://www.frontiersin.org/journals/climate
Frontiers in Clinical Diabetes and Healthcare,2673-6616,https://www.frontiersin.org/journals/clinical-diabetes-and-healthcare
"Frontiers in Coatings, Dyes and Interface Engineering",2813-6861,"https://www.frontiersin.org/journals/coatings,-dyes-and-interface-engineering"
Frontiers in Cognition,2813-4532,https://www.frontiersin.org/journals/cognition
Frontiers in Communication,2297-900X,https://www.frontiersin.org/journals/communication
Frontiers in Communications and Networks,2673-530X,https://www.frontiersin.org/journals/communications-and-networks
Frontiers in Complex Systems,2813-6187,https://www.frontiersin.org/journals/complex-systems
Frontiers in Computational Neuroscience,1662-5188,https://www.frontiersin.org/journals/computational-neuroscience
Frontiers in Computer Science,2624-9898,https://www.frontiersin.org/journals/computer-science
Frontiers in Conservation Science,2673-611X,https://www.frontiersin.org/journals/conservation-science
Frontiers in Control Engineering,2673-6268,https://www.frontiersin.org/journals/control-engineering
Frontiers in Dementia,2813-3919,https://www.frontiersin.org/journals/dementia
Frontiers in Dental Medicine,2673-4915,https://www.frontiersin.org/journals/dental-medicine
Frontiers in Detector Science and Technology,2813-8031,https://www.frontiersin.org/journals/detector-science-and-technology
Frontiers in Developmental Psychology,2813-7779,https://www.frontiersin.org/journals/developmental-psychology
Frontiers in Digital Health,2673-253X,https://www.frontiersin.org/journals/digital-health
Frontiers in Disaster and Emergency Medicine,2813-7302,https://www.frontiersin.org/journals/disaster-and-emergency-medicine
Frontiers in Drug Delivery,2674-0850,https://www.frontiersin.org/journals/drug-delivery
Frontiers in Drug Discovery,2674-0338,https://www.frontiersin.org/journals/drug-discovery
Frontiers in Drug Safety and Regulation,2674-0869,https://www.frontiersin.org/journals/drug-safety-and-regulation
Frontiers in Earth Science,2296-6463,https://www.frontiersin.org/journals/earth-science
Frontiers in Ecology and Evolution,2296-701X,https://www.frontiersin.org/journals/ecology-and-evolution
Frontiers in Education,2504-284X,https://www.frontiersin.org/journals/education
Frontiers in Electronic Materials,2673-9895,https://www.frontiersin.org/journals/electronic-materials
Frontiers in Electronics,2673-5857,https://www.frontiersin.org/journals/electronics
Frontiers in Endocrinology,1664-2392,https://www.frontiersin.org/journals/endocrinology
Frontiers in Energy Efficiency,2813-6799,https://www.frontiersin.org/journals/energy-efficiency
Frontiers in Energy Research,2296-598X,https://www.frontiersin.org/journals/energy-research
Frontiers in Environmental Archaeology,2813-432X,https://www.frontiersin.org/journals/environmental-archaeology
Frontiers in Environmental Chemistry,2673-4486,https://www.frontiersin.org/journals/environmental-chemistry
Frontiers in Environmental Economics,2813-2823,https://www.frontiersin.org/journals/environmental-economics
Frontiers in Environmental Engineering,2813-5067,https://www.frontiersin.org/journals/environmental-engineering
Frontiers in Environmental Health,2813-558X,https://www.frontiersin.org/journals/environmental-health
Frontiers in Environmental Science,2296-665X,https://www.frontiersin.org/journals/environmental-science
Frontiers in Epidemiology,2674-1199,https://www.frontiersin.org/journals/epidemiology
Frontiers in Epigenetics and Epigenomics,2813-706X,https://www.frontiersin.org/journals/epigenetics-and-epigenomics
Frontiers in Ethology,2813-5091,https://www.frontiersin.org/journals/ethology
Frontiers in Fish Science,Coming Soon,https://www.frontiersin.org/journals/fish-science
Frontiers in Food Science and Technology,2674-1121,https://www.frontiersin.org/journals/food-science-and-technology
Frontiers in Forests and Global Change,2624-893X,https://www.frontiersin.org/journals/forests-and-global-change
Frontiers in Freshwater Science,2813-7124,https://www.frontiersin.org/journals/freshwater-science
Frontiers in Fuels,2813-6217,https://www.frontiersin.org/journals/fuels
Frontiers in Fungal Biology,2673-6128,https://www.frontiersin.org/journals/fungal-biology
Frontiers in Future Transportation,2673-5210,https://www.frontiersin.org/journals/future-transportation
Frontiers in Gastroenterology,2813-1169,https://www.frontiersin.org/journals/gastroenterology
Frontiers in Genetics,1664-8021,https://www.frontiersin.org/journals/genetics
Frontiers in Genome Editing,2673-3439,https://www.frontiersin.org/journals/genome-editing
Frontiers in Geochemistry,2813-5962,https://www.frontiersin.org/journals/geochemistry
Frontiers in Global Women's Health,2673-5059,https://www.frontiersin.org/journals/global-women's-health
Frontiers in Health Services,2813-0146,https://www.frontiersin.org/journals/health-services
Frontiers in Hematology,2813-3935,https://www.frontiersin.org/journals/hematology
Frontiers in High Performance Computing,2813-7337,https://www.frontiersin.org/journals/high-performance-computing
Frontiers in Horticulture,2813-3595,https://www.frontiersin.org/journals/horticulture
Frontiers in Human Dynamics,2673-2726,https://www.frontiersin.org/journals/human-dynamics
Frontiers in Human Neuroscience,1662-5161,https://www.frontiersin.org/journals/human-neuroscience
Frontiers in Imaging,2813-3315,https://www.frontiersin.org/journals/imaging
Frontiers in Immunology,1664-3224,https://www.frontiersin.org/journals/immunology
Frontiers in Industrial Engineering,2813-6047,https://www.frontiersin.org/journals/industrial-engineering
Frontiers in Industrial Microbiology,2813-7809,https://www.frontiersin.org/journals/industrial-microbiology
Frontiers in Insect Science,2673-8600,https://www.frontiersin.org/journals/insect-science
Frontiers in Integrative Neuroscience,1662-5145,https://www.frontiersin.org/journals/integrative-neuroscience
Frontiers in Lab on a Chip Technologies,2813-3862,https://www.frontiersin.org/journals/lab-on-a-chip-technologies
Frontiers in Language Sciences,2813-4605,https://www.frontiersin.org/journals/language-sciences
Frontiers in Lupus,2813-6934,https://www.frontiersin.org/journals/lupus
Frontiers in Malaria,2813-7396,https://www.frontiersin.org/journals/malaria
Frontiers in Mammal Science,2813-4699,https://www.frontiersin.org/journals/mammal-science
Frontiers in Manufacturing Technology,2813-0359,https://www.frontiersin.org/journals/manufacturing-technology
Frontiers in Marine Science,2296-7745,https://www.frontiersin.org/journals/marine-science
Frontiers in Materials,2296-8016,https://www.frontiersin.org/journals/materials
Frontiers in Mechanical Engineering,2297-3079,https://www.frontiersin.org/journals/mechanical-engineering
Frontiers in Medical Engineering,2813-687X,https://www.frontiersin.org/journals/medical-engineering
Frontiers in Medical Technology,2673-3129,https://www.frontiersin.org/journals/medical-technology
Frontiers in Medicine,2296-858X,https://www.frontiersin.org/journals/medicine
Frontiers in Membrane Science and Technology,2813-1010,https://www.frontiersin.org/journals/membrane-science-and-technology
Frontiers in Metals and Alloys,2813-2459,https://www.frontiersin.org/journals/metals-and-alloys
Frontiers in Microbiology,1664-302X,https://www.frontiersin.org/journals/microbiology
Frontiers in Microbiomes,2813-4338,https://www.frontiersin.org/journals/microbiomes
Frontiers in Molecular Biosciences,2296-889X,https://www.frontiersin.org/journals/molecular-biosciences
Frontiers in Molecular Medicine,2674-0095,https://www.frontiersin.org/journals/molecular-medicine
Frontiers in Molecular Neuroscience,1662-5099,https://www.frontiersin.org/journals/molecular-neuroscience
Frontiers in Musculoskeletal Disorders,2813-883X,https://www.frontiersin.org/journals/musculoskeletal-disorders
Frontiers in Nanotechnology,2673-3013,https://www.frontiersin.org/journals/nanotechnology
Frontiers in Natural Products,2813-2602,https://www.frontiersin.org/journals/natural-products
Frontiers in Nephrology,2813-0626,https://www.frontiersin.org/journals/nephrology
Frontiers in Network Physiology,2674-0109,https://www.frontiersin.org/journals/network-physiology
Frontiers in Neural Circuits,1662-5110,https://www.frontiersin.org/journals/neural-circuits
Frontiers in Neuroanatomy,1662-5129,https://www.frontiersin.org/journals/neuroanatomy
Frontiers in Neuroergonomics,2673-6195,https://www.frontiersin.org/journals/neuroergonomics
Frontiers in Neuroimaging,2813-1193,https://www.frontiersin.org/journals/neuroimaging
Frontiers in Neuroinformatics,1662-5196,https://www.frontiersin.org/journals/neuroinformatics
Frontiers in Neurology,1664-2295,https://www.frontiersin.org/journals/neurology
Frontiers in Neurorobotics,1662-5218,https://www.frontiersin.org/journals/neurorobotics
Frontiers in Neuroscience,1662-453X,https://www.frontiersin.org/journals/neuroscience
Frontiers in Nuclear Engineering,2813-3412,https://www.frontiersin.org/journals/nuclear-engineering
Frontiers in Nuclear Medicine,2673-8880,https://www.frontiersin.org/journals/nuclear-medicine
Frontiers in Nutrition,2296-861X,https://www.frontiersin.org/journals/nutrition
Frontiers in Ocean Sustainability,2813-8287,https://www.frontiersin.org/journals/ocean-sustainability
Frontiers in Oncology,2234-943X,https://www.frontiersin.org/journals/oncology
Frontiers in Oncology Reviews,1970-5557,https://www.frontiersin.org/journals/oncology-reviews-partnerships
Frontiers in Ophthalmology,2674-0826,https://www.frontiersin.org/journals/ophthalmology
Frontiers in Oral Health,2673-4842,https://www.frontiersin.org/journals/oral-health
Frontiers in Organizational Psychology,2813-771X,https://www.frontiersin.org/journals/organizational-psychology
Frontiers in Pain Research,2673-561X,https://www.frontiersin.org/journals/pain-research
Frontiers in Parasitology,2813-2424,https://www.frontiersin.org/journals/parasitology
Frontiers in Pediatrics,2296-2360,https://www.frontiersin.org/journals/pediatrics
Frontiers in Pharmacology,1663-9812,https://www.frontiersin.org/journals/pharmacology
Frontiers in Photobiology,2813-8228,https://www.frontiersin.org/journals/photobiology
Frontiers in Photonics,2673-6853,https://www.frontiersin.org/journals/photonics
Frontiers in Physics,2296-424X,https://www.frontiersin.org/journals/physics
Frontiers in Physiology,1664-042X,https://www.frontiersin.org/journals/physiology
Frontiers in Plant Physiology,2813-821X,https://www.frontiersin.org/journals/plant-physiology
Frontiers in Plant Science,1664-462X,https://www.frontiersin.org/journals/plant-science
Frontiers in Political Science,2673-3145,https://www.frontiersin.org/journals/political-science
Frontiers in Protistology,2813-849X,https://www.frontiersin.org/journals/protistology
Frontiers in Psychiatry,1664-0640,https://www.frontiersin.org/journals/psychiatry
Frontiers in Psychology,1664-1078,https://www.frontiersin.org/journals/psychology
Frontiers in Public Health,2296-2565,https://www.frontiersin.org/journals/public-health
Frontiers in Quantum Science and Technology,2813-2181,https://www.frontiersin.org/journals/quantum-science-and-technology
Frontiers in Radiology,2673-8740,https://www.frontiersin.org/journals/radiology
Frontiers in Rehabilitation Sciences,2673-6861,https://www.frontiersin.org/journals/rehabilitation-sciences
Frontiers in Remote Sensing,2673-6187,https://www.frontiersin.org/journals/remote-sensing
Frontiers in Reproductive Health,2673-3153,https://www.frontiersin.org/journals/reproductive-health
Frontiers in Research Metrics and Analytics,2504-0537,https://www.frontiersin.org/journals/research-metrics-and-analytics
Frontiers in RNA Research,2813-7116,https://www.frontiersin.org/journals/rna-research
Frontiers in Robotics and AI,2296-9144,https://www.frontiersin.org/journals/robotics-and-ai
Frontiers in Sensors,2673-5067,https://www.frontiersin.org/journals/sensors
Frontiers in Signal Processing,2673-8198,https://www.frontiersin.org/journals/signal-processing
Frontiers in Sleep,2813-2890,https://www.frontiersin.org/journals/sleep
Frontiers in Smart Grids,2813-4311,https://www.frontiersin.org/journals/smart-grids
Frontiers in Social Psychology,2813-7876,https://www.frontiersin.org/journals/social-psychology
Frontiers in Sociology,2297-7775,https://www.frontiersin.org/journals/sociology
Frontiers in Soft Matter,2813-0499,https://www.frontiersin.org/journals/soft-matter
Frontiers in Soil Science,2673-8619,https://www.frontiersin.org/journals/soil-science
Frontiers in Space Technologies,2673-5075,https://www.frontiersin.org/journals/space-technologies
Frontiers in Sports and Active Living,2624-9367,https://www.frontiersin.org/journals/sports-and-active-living
Frontiers in Stroke,2813-3056,https://www.frontiersin.org/journals/stroke
Frontiers in Surgery,2296-875X,https://www.frontiersin.org/journals/surgery
Frontiers in Sustainability,2673-4524,https://www.frontiersin.org/journals/sustainability
Frontiers in Sustainable Cities,2624-9634,https://www.frontiersin.org/journals/sustainable-cities
Frontiers in Sustainable Energy Policy,2813-4982,https://www.frontiersin.org/journals/sustainable-energy-policy
Frontiers in Sustainable Food Systems,2571-581X,https://www.frontiersin.org/journals/sustainable-food-systems
Frontiers in Sustainable Resource Management,2813-3005,https://www.frontiersin.org/journals/sustainable-resource-management
Frontiers in Sustainable Tourism,2813-2815,https://www.frontiersin.org/journals/sustainable-tourism
Frontiers in Synaptic Neuroscience,1663-3563,https://www.frontiersin.org/journals/synaptic-neuroscience
Frontiers in Synthetic Biology,2813-818X,https://www.frontiersin.org/journals/synthetic-biology
Frontiers in Systems Biology,2674-0702,https://www.frontiersin.org/journals/systems-biology
Frontiers in Systems Neuroscience,1662-5137,https://www.frontiersin.org/journals/systems-neuroscience
Frontiers in The Internet of Things,2813-3110,https://www.frontiersin.org/journals/the-internet-of-things
Frontiers in Thermal Engineering,2813-0456,https://www.frontiersin.org/journals/thermal-engineering
Frontiers in Toxicology,2673-3080,https://www.frontiersin.org/journals/toxicology
Frontiers in Transplantation,2813-2440,https://www.frontiersin.org/journals/transplantation
Frontiers in Tropical Diseases,2673-7515,https://www.frontiersin.org/journals/tropical-diseases
Frontiers in Tuberculosis,2813-7868,https://www.frontiersin.org/journals/tuberculosis
Frontiers in Urology,2673-9828,https://www.frontiersin.org/journals/urology
Frontiers in Veterinary Science,2297-1769,https://www.frontiersin.org/journals/veterinary-science
Frontiers in Virology,2673-818X,https://www.frontiersin.org/journals/virology
Frontiers in Virtual Reality,2673-4192,https://www.frontiersin.org/journals/virtual-reality
Frontiers in Water,2624-9375,https://www.frontiersin.org/journals/water
,,
,,
,,
,,
,,
,,
,,
,,
,,
,,
,,
,,
,,
,,
,,
,,
,,
,,
,,
,,
,,
,,
,,
,,
,,
,,
,,
,,
,,
,,
